chain	canc	b1	b2	f1	f2	base	delta%	worst%	best%	bspread%	bdn%	source	nclean
AddMod	False	6.164	6.156	6.166	6.168	6.160	+0.1	+0.2	+0.0	0.1	+0.1		10/10/10/10
AddMod	True	6.167	6.178	6.172	6.180	6.172	+0.1	+0.2	-0.1	0.2	+0.0		10/10/10/10
AddModZero	False	2.138	2.141	2.146	2.160	2.139	+0.6	+1.0	+0.2	0.1	+0.5		10/10/10/10
AddModZero	True	2.155	2.152	2.151	2.152	2.154	-0.1	-0.0	-0.2	0.1	+0.0		10/10/10/10
Arithmetic	False	2.753	2.745	2.742	2.753	2.749	-0.0	+0.3	-0.4	0.3	+0.0		10/10/10/10
Arithmetic	True	2.755	2.745	2.757	2.753	2.750	+0.2	+0.4	-0.1	0.4	+0.2		10/10/10/10
BalanceColdExistingPair	False	20.369	20.275	20.214	20.542	20.322	+0.3	+1.3	-0.8	0.5	+0.2		10/10/10/10
BalanceColdExistingPair	True	19.970	20.151	20.320	20.166	20.061	+0.9	+1.8	+0.1	0.9	+1.0		10/10/10/10
BalanceColdPair	False	19.105	19.248	19.419	19.331	19.176	+1.0	+1.6	+0.4	0.7	+1.1		10/10/10/10
BalanceColdPair	True	19.772	19.365	19.534	19.442	19.568	-0.4	+0.9	-1.7	2.1	-0.5		10/10/10/10
BalanceColdSingle	False	26.301	26.501	26.565	26.343	26.401	+0.2	+1.0	-0.6	0.8	+0.2		10/10/10/10
BalanceColdSingle	True	27.575	26.380	26.330	26.555	26.977	-2.0	+0.7	-4.5	4.5	-2.1		10/10/10/10
BalanceRead	False	9.020	9.090	9.027	9.021	9.055	-0.3	+0.1	-0.8	0.8	-0.4		10/10/10/10
BalanceRead	True	8.943	9.055	9.378	9.157	8.999	+3.0	+4.9	+1.1	1.2	+3.0		10/10/10/10
Bitwise	False	3.233	3.236	3.234	3.235	3.235	-0.0	+0.0	-0.1	0.1	-0.0		8/10/10/10
Bitwise	True	3.239	3.239	3.252	3.245	3.239	+0.3	+0.4	+0.2	0.0	+0.3		10/10/10/10
Byte	False	2.520	2.378	2.373	2.395	2.449	-2.7	+0.7	-5.8	6.0	-3.4		10/8/10/10
Byte	True	2.668	2.621	2.403	2.386	2.644	-9.4	-8.3	-10.6	1.8	-8.9		10/9/10/10
CallData	False	2.492	2.449	2.485	2.501	2.470	+0.9	+2.1	-0.3	1.8	+1.0		10/10/10/10
CallData	True	2.445	2.502	2.563	2.496	2.474	+2.3	+4.8	-0.2	2.3	+2.2		9/10/10/10
CallDataMissing	False	2.357	2.355	2.359	2.353	2.356	+0.0	+0.2	-0.1	0.1	+0.0		10/10/10/10
CallDataMissing	True	2.363	2.359	2.423	2.360	2.361	+1.3	+2.7	-0.1	0.1	+1.2		10/10/10/10
CallDataPartial	False	3.087	3.097	3.090	3.091	3.092	-0.0	+0.1	-0.2	0.3	+0.0		10/10/10/10
CallDataPartial	True	3.099	3.101	3.105	3.107	3.099	+0.2	+0.3	+0.1	0.1	+0.2		10/10/10/10
CallEmpty	False	6.192	6.204	6.222	6.216	6.198	+0.3	+0.5	+0.2	0.2	+0.3		10/10/10/10
CallEmpty	True	6.165	6.173	6.142	6.227	6.169	+0.3	+1.0	-0.5	0.1	+0.2		10/10/10/10
CallIdentity	False	18.666	18.001	18.442	18.072	18.334	-0.4	+2.4	-3.2	3.7	-0.5		10/10/10/10
CallIdentity	True	18.086	18.175	18.856	18.384	18.131	+2.7	+4.3	+1.1	0.5	+2.6		10/10/10/10
CallInput	False	24.509	23.585	25.291	25.599	24.047	+5.8	+8.5	+3.2	3.9	+5.8		10/10/10/10
CallInput	True	24.030	24.769	24.031	24.662	24.400	-0.2	+2.6	-3.0	3.1	-0.2		10/10/10/10
CallReturn	False	23.175	22.885	22.871	24.095	23.030	+2.0	+5.3	-1.3	1.3	+2.0		10/10/10/10
CallReturn	True	23.034	23.309	22.915	23.262	23.171	-0.4	+1.0	-1.7	1.2	-0.4		10/10/10/10
CallRevert	False	25.971	26.315	26.116	26.342	26.143	+0.3	+1.4	-0.8	1.3	+0.4		10/10/10/10
CallRevert	True	26.384	26.197	26.143	25.738	26.291	-1.3	-0.2	-2.4	0.7	-1.3		10/10/10/10
Clz	False	4.744	4.745	4.744	4.751	4.745	+0.1	+0.1	-0.0	0.0	+0.0		10/10/10/10
Clz	True	4.757	4.754	4.755	4.752	4.755	-0.0	+0.0	-0.1	0.1	-0.0		10/10/10/10
CompareBranch	False	2.491	2.491	1.885	1.857	2.491	-24.9	-24.3	-25.4	0.0	-25.3		10/10/10/10
CompareBranch	True	2.516	2.665	1.902	1.903	2.591	-26.6	-24.4	-28.6	5.9	-26.6		10/10/10/10
Context	False	1.970	1.885	1.880	1.882	1.927	-2.4	-0.1	-4.6	4.5	-2.4		10/10/10/10
Context	True	1.898	1.927	1.897	1.894	1.913	-0.9	-0.1	-1.7	1.5	-0.6		10/10/10/10
DivIsZero	False	3.768	3.767	3.833	3.833	3.767	+1.7	+1.8	+1.7	0.0	+1.7		10/10/10/10
DivIsZero	True	3.774	3.777	3.841	3.840	3.775	+1.7	+1.8	+1.7	0.1	+1.8		10/10/10/10
DivOne	False	3.387	3.246	2.983	3.019	3.317	-9.5	-7.0	-11.9	4.3	-10.1		10/10/10/10
DivOne	True	3.238	3.239	2.999	3.015	3.239	-7.2	-6.9	-7.4	0.0	-7.1		8/10/10/10
DivSmall	False	3.392	3.407	3.398	3.393	3.399	-0.1	+0.2	-0.4	0.4	-0.1		10/10/10/10
DivSmall	True	3.407	3.403	3.403	3.408	3.405	+0.0	+0.1	-0.1	0.1	+0.1		10/10/10/10
DivWide	False	9.210	9.889	9.213	9.217	9.549	-3.5	+0.1	-6.8	7.4	-3.5		10/10/10/10
DivWide	True	9.224	9.227	9.224	9.229	9.225	+0.0	+0.1	-0.0	0.0	+0.0		10/10/10/10
DivZero	False	2.543	2.312	1.995	2.012	2.428	-17.5	-13.0	-21.6	10.0	-17.9		10/10/10/10
DivZero	True	2.355	2.355	2.047	2.016	2.355	-13.7	-13.1	-14.4	0.0	-13.7		10/10/10/10
Environment	False	5.910	5.950	6.070	6.192	5.930	+3.4	+4.8	+2.0	0.7	+3.4		10/10/10/10
Environment	True	6.066	5.938	6.121	6.087	6.002	+1.7	+3.1	+0.3	2.2	+1.7		10/10/10/10
ExpCompute	False	9.322	9.301	9.318	9.309	9.311	+0.0	+0.2	-0.1	0.2	+0.1		10/10/10/10
ExpCompute	True	9.332	9.360	9.355	9.229	9.346	-0.6	+0.3	-1.4	0.3	-0.6		10/10/10/10
ExpOne	False	5.091	5.172	4.918	4.859	5.131	-4.7	-3.4	-6.1	1.6	-4.9		10/10/10/10
ExpOne	True	5.278	5.081	5.104	5.036	5.180	-2.1	+0.5	-4.6	3.9	-2.2		10/10/10/10
ExtCodeSizeRead	False	10.491	10.506	10.517	10.761	10.499	+1.3	+2.6	+0.1	0.1	+1.3		10/10/10/10
ExtCodeSizeRead	True	10.577	10.495	10.600	10.500	10.536	+0.1	+1.0	-0.7	0.8	+0.1		10/10/10/10
JumpAlternating	False	1.810	1.730	1.692	1.686	1.770	-4.6	-2.2	-6.8	4.6	-5.6		10/10/10/10
JumpAlternating	True	1.773	1.850	1.856	1.870	1.811	+2.9	+5.5	+0.3	4.3	+3.6		10/10/10/10
JumpScattered	False	1.921	1.643	1.531	1.526	1.782	-14.2	-6.8	-20.6	16.9	-12.9		10/10/10/10
JumpScattered	True	1.651	1.902	1.643	1.644	1.777	-7.5	-0.4	-13.7	15.2	-5.5		10/10/10/10
JumpScatteredPush3	False	2.240	2.273	2.096	2.100	2.256	-7.0	-6.2	-7.8	1.5	-7.0		10/10/10/10
JumpScatteredPush3	True	2.169	2.196	2.143	2.136	2.182	-2.0	-1.2	-2.7	1.2	-1.9		10/10/10/10
JumpScatteredRotating	False	1.739	1.775	1.600	1.587	1.757	-9.3	-8.0	-10.6	2.1	-9.2		10/10/10/10
JumpScatteredRotating	True	1.762	1.871	1.709	1.706	1.817	-6.0	-3.0	-8.8	6.2	-6.7		10/10/10/10
JumpTaken	False	2.038	1.912	1.229	1.217	1.975	-38.1	-35.7	-40.3	6.6	-38.2		10/10/10/10
JumpTaken	True	1.822	1.988	1.239	1.354	1.905	-31.9	-25.7	-37.7	9.1	-32.6		10/10/10/10
JumpUntaken	False	1.802	1.728	1.224	1.211	1.765	-31.0	-29.2	-32.8	4.3	-31.7		10/10/10/10
JumpUntaken	True	1.580	1.734	1.213	1.240	1.657	-26.0	-21.5	-30.1	9.8	-26.0		10/10/10/10
Memory	False	2.595	2.590	2.569	2.625	2.593	+0.2	+1.4	-1.0	0.2	+0.1		10/10/10/10
Memory	True	2.596	2.611	2.706	2.630	2.603	+2.5	+4.2	+0.7	0.6	+2.3		10/10/10/10
MemoryBoundary	False	2.954	2.882	2.890	2.855	2.918	-1.6	+0.3	-3.3	2.5	-1.5		10/10/10/10
MemoryBoundary	True	2.913	2.860	2.907	2.860	2.887	-0.1	+1.6	-1.8	1.9	-0.2		10/10/10/10
MemoryByte	False	2.827	2.792	2.752	2.762	2.810	-1.9	-1.1	-2.7	1.3	-1.9		10/10/10/10
MemoryByte	True	2.773	2.763	2.811	2.770	2.768	+0.8	+1.8	-0.1	0.4	+0.8		10/10/10/10
MemoryCopy	False	5.104	5.165	5.128	5.201	5.135	+0.6	+1.9	-0.7	1.2	+0.6		10/10/10/10
MemoryCopy	True	5.133	5.075	5.109	5.208	5.104	+1.1	+2.6	-0.5	1.1	+1.1		10/10/10/10
MemoryHash	False	5.408	5.285	5.340	5.305	5.347	-0.4	+1.0	-1.9	2.3	-0.5		10/10/10/10
MemoryHash	True	5.346	5.406	5.293	5.319	5.376	-1.3	-0.5	-2.1	1.1	-1.3		10/10/10/10
ModOne	False	2.650	2.352	2.142	2.148	2.501	-14.2	-8.7	-19.2	12.7	-14.3		10/10/10/10
ModOne	True	2.356	2.356	2.162	2.160	2.356	-8.3	-8.2	-8.3	0.0	-8.3		10/10/10/10
ModSmall	False	3.333	3.335	3.326	3.334	3.334	-0.1	+0.0	-0.3	0.1	-0.2		10/10/10/10
ModSmall	True	3.332	3.337	3.338	3.337	3.335	+0.1	+0.2	+0.0	0.2	+0.1		10/10/10/10
ModWide	False	7.535	7.435	7.412	7.459	7.485	-0.7	+0.3	-1.6	1.3	-0.6		10/10/10/10
ModWide	True	7.463	7.450	7.497	7.449	7.457	+0.2	+0.6	-0.2	0.2	+0.2		10/10/10/10
ModZero	False	2.643	2.354	2.164	2.148	2.499	-13.7	-8.1	-18.7	12.2	-13.2		10/10/10/10
ModZero	True	2.358	2.357	2.165	2.156	2.357	-8.3	-8.1	-8.5	0.0	-8.3		10/10/10/10
MulDup	False	3.008	3.015	3.033	3.013	3.012	+0.4	+0.8	-0.1	0.2	+0.4		10/10/10/10
MulDup	True	3.013	3.055	3.041	3.022	3.034	-0.1	+0.9	-1.1	1.4	-0.1		10/10/10/10
MulMod	False	5.236	5.229	5.228	5.228	5.233	-0.1	-0.0	-0.1	0.1	-0.1		10/10/10/10
MulMod	True	5.238	5.242	5.238	5.243	5.240	+0.0	+0.1	-0.1	0.1	+0.0		10/10/10/10
MulModZero	False	2.140	2.144	2.139	2.150	2.142	+0.1	+0.4	-0.2	0.2	+0.1		10/10/10/10
MulModZero	True	2.224	2.211	2.196	2.143	2.218	-2.2	-0.7	-3.6	0.6	-2.0		10/10/10/10
Predicate	False	2.357	2.347	1.779	1.781	2.352	-24.3	-24.1	-24.5	0.4	-24.3		10/10/10/10
Predicate	True	2.330	2.504	1.787	1.790	2.417	-26.0	-23.2	-28.7	7.5	-25.9		10/10/10/10
PrevRandao	False	2.363	2.218	1.745	1.758	2.291	-23.5	-20.7	-26.2	6.6	-23.4		10/10/10/10
PrevRandao	True	2.369	2.366	1.802	1.741	2.367	-25.2	-23.8	-26.5	0.2	-25.1		10/10/10/10
ReturnDataSize	False	2.367	2.364	1.641	1.635	2.366	-30.8	-30.6	-30.9	0.1	-30.8		10/10/10/10
ReturnDataSize	True	2.369	2.361	1.653	1.644	2.365	-30.3	-30.0	-30.6	0.4	-30.3		10/10/10/10
Sar	False	3.898	3.896	3.897	3.903	3.897	+0.1	+0.2	-0.0	0.1	+0.1		10/10/10/10
Sar	True	3.896	3.922	3.900	3.903	3.909	-0.2	+0.2	-0.6	0.7	-0.2		10/10/10/10
SarAnd	False	2.210	2.139	2.125	2.125	2.175	-2.3	-0.6	-3.8	3.3	-2.3		10/10/10/10
SarAnd	True	2.300	2.143	2.132	2.133	2.222	-4.0	-0.4	-7.3	7.3	-3.8		10/10/10/10
SelfBalanceRead	False	4.011	4.229	3.974	3.979	4.120	-3.5	-0.8	-6.0	5.4	-3.5		10/10/10/10
SelfBalanceRead	True	4.000	4.109	4.145	3.988	4.055	+0.3	+3.6	-3.0	2.7	+0.5		10/9/10/10
Shift	False	3.432	3.415	3.416	3.423	3.423	-0.1	+0.2	-0.5	0.5	-0.1		10/10/10/10
Shift	True	3.420	3.441	3.437	3.440	3.430	+0.2	+0.6	-0.1	0.6	+0.2		10/10/10/10
SmallValue	False	1.880	1.881	1.781	1.780	1.880	-5.3	-5.3	-5.4	0.0	-5.2		10/10/10/10
SmallValue	True	1.894	1.924	1.805	1.801	1.909	-5.6	-4.7	-6.4	1.6	-5.4		10/10/10/10
Stack	False	2.113	2.120	2.128	2.119	2.117	+0.3	+0.7	-0.1	0.4	+0.2		10/10/10/10
Stack	True	2.116	2.155	2.120	2.122	2.136	-0.7	+0.3	-1.6	1.8	-0.7		10/10/10/10
StaticIdentity	False	11.466	11.439	11.636	12.291	11.452	+4.5	+7.4	+1.5	0.2	+4.4		10/10/10/10
StaticIdentity	True	11.620	11.657	11.778	11.433	11.639	-0.3	+1.4	-1.9	0.3	-0.3		10/10/10/10
StorageRead	False	5.147	6.471	5.401	5.230	5.809	-8.5	+4.9	-19.2	25.7	-8.6		10/10/10/10
StorageRead	True	5.088	5.309	5.363	5.167	5.199	+1.3	+5.4	-2.7	4.3	+1.3		10/10/10/10
StorageWrite	False	7.495	7.780	7.833	7.948	7.638	+3.3	+6.0	+0.7	3.8	+3.3		10/10/10/10
StorageWrite	True	10.279	7.899	8.005	8.141	9.089	-11.2	+3.1	-22.1	30.1	-11.2		10/10/10/10
TransientRead	False	3.260	3.268	3.258	3.301	3.264	+0.5	+1.3	-0.3	0.3	+0.5		10/10/10/10
TransientRead	True	3.286	3.270	3.274	3.316	3.278	+0.5	+1.4	-0.4	0.5	+0.5		10/10/10/10
# 120 cases; slower than +2% (mean): BalanceRead/True +3.0% (worst pair +4.9%, base spread 1.2%), CallData/True +2.3% (worst pair +4.8%, base spread 2.3%), CallIdentity/True +2.7% (worst pair +4.3%, base spread 0.5%), CallInput/False +5.8% (worst pair +8.5%, base spread 3.9%), Environment/False +3.4% (worst pair +4.8%, base spread 0.7%), JumpAlternating/True +2.9% (worst pair +5.5%, base spread 4.3%), Memory/True +2.5% (worst pair +4.2%, base spread 0.6%), StaticIdentity/False +4.5% (worst pair +7.4%, base spread 0.2%), StorageWrite/False +3.3% (worst pair +6.0%, base spread 3.8%)
