00000003d87ef161c7b40b8728c3b121c0b67310a80d9efab033e920061cee8f8d7ea6023cc05f08340642613628b39e7b7fd0af9d14785920ca7a2881a58f2fac2c8803bc0ccd9a0ffe1864a0fce9369d5b467445111c860f6f5725f99b225c53b9fe1a70150e7ce922bfe214900aaa2790d14578a87849d463cb52a9d3bfacb13e2665056191e9206a4de01bcf3db25bbcbae6c07041840216d60ff445cf53b273a46016c8ecefefb53550f8bafc79966f863aa8bca3b3fefdc44ea4a573d2a39a80db873b6875d9132a1c7dcb3b533b16b18c01,2d13394d949f7af7dc46fd3bff30dda9c77562f693cc31a80fea37b0384879c9c21ec6683342f2d8b75e7ac9f75f5564424d117a84e06b98e9ea4fdb41f20946
000000032dc8c9f4ea9524793b54207d4e13a548d73297f2aa6241aff57abfd0cf3ce0b08ea1aafb63d85a5faf691974a725aec54d4aa66b9a1eb6e272475d5d63d26ae92119c7b06d83d7e2922e06559b1740eae315c6623d3e543c9bf54258c7cd54b263bf6fe085d0577d991cf632f5d5d826eae2d1bbeddec178b81751fa7a02c61a7a75342ee7f0745886c0ea2a73c21500aef8078d21d20b7216c2990eec9f31a0ccc141127f83f73ec57fbefe01515cd227a50fcee22b614cfc352c4181b0c87102055dc2901826875d5e85a794befd9300,66ebb0f225f21019c97d0f5a8726a3474e76be2cbc097ed94326584b332f1edac66ccc13d414f1ec62e5cf286793a83f7480ee217fdbe4d17b58c1bc3aa41b0f
00000003c0a1f70ef5610d831e667afd6190105242c25ae15515b009ebc8d427e8c791f14a43eec67ffc7d4febf66fce49c6beb12737fe05e3adc0a51ecfa9144ccf6253088dd1a7a483de077e6d555d37d10818f3a69a3387c0aac0717b6236e395bd68390bf68e984cce180305523dc79dc4b905e65587fbd095ed57aa42403d2df5dd489db8f50c99e9b6948dace319c84497645527a65599fc5c737fbbdb1d600e6a4d941ef6ea8d904eac23d04ee3acc757aae6795532ce4c9f34534e506a4d843a26b052a040c79659b5e8637bae15946300,ed8ddc6b12006fd4949fb9b42ddf68700a6cf4deacd35db63322f4cddf8fe8855763681835e3e8ff6e4c34382b240074d6e9b1a86c10cacb8da9273ab3f0e6f4
00000003332b31b9e05a73dd851d891eb4a56cda796534ea8586d7ad8fc3e4fb42981a4415224c0d976ebe1c342e9bc1cd66d35168bae33d95a1c6d277df34caf22d1b0063e70b20fe2026c70a9085ab354c2872ec8d670d6e7db0fbd2a7327c85054b4c0de9727dc0b051058f8bb4ecb1dcc7f825781712171d489a2215e8d29a790c146efd73bd72ef0967b4a7daf53cd06d8292d5d7a085cc8d88273d4aa822f44a447cc22f5a58c420bcfe757a459772825619669a72166e22c86927615ef8f0321b29f739baa66cb0619655bd3689d684ba01,ad3482182912349754a25c890b3f121fec2e08ded17a7ea3c156fd46be7d860168f581724d343370fd989a5ad3aaaddebb4fafd51665723520a661b90f6f4510
000000035b6e462d809f8bf1a62f276dcb27e42d9aa0ce33fc4e149e87181aca70a4ccc64306408019db1fbc3d32dba6b2ed97055d816585fb45e0c7e0cdd5b8355d9502535b53ab5f1c596eb966f57867e021d0f3b099e17bf384479c959794b17d6a4b07425867bc7a2707b134342f1343ab379b774692f50d88ae29359720f359494d6e0512ecbc5a1b02ab19bc9bee4d3d9c721278e07b7a6e389c4d6443232a40357b458b1513587d5eedf6143f1ed2310b9eeede44d69bd7f0bfb8ec689e36c8eda79fd15e80b694122dddb01f836460b301,b1b9a300482c4667c55c020ec9888119e2adff1d75bdecbd8b66782b124a45aee2bbc77f106ea5812104c46baa71a665455560f09f62a31f85770077fa149fa6
00000003ea6309d6b395c94fb5a43dff3c6bfa69da4371f4ea3416f7b13e1ce5a50a055f0cfd1421a02ce3675b7f0e63bd012914a96253926fdaabec06944ffcdb4637a05e3e78a9bcf1b21b68b9dd9b5635c681fe6124e97752976554b1f713f95a2ba3f3f4ca69571711b6d06dc218a300c7e1041d94df0e0201e1135fa6eafc98bd33b2dfbe4c59b546a52538c07d193565a2a82d9c189fbfe088b6bf9df4c191db7fff02d386fd49420b2c273b1233e9cdb10fc117afb17803b61a2bca7de1d190a325639eb23743f51f28294b3379e9711601,caab035a3f3cee57491c547f1eb2f0c49b971f308e7b0f2ebbbc314c7a47a31b2f177c4d0309cf4201da89801c02c513e1b8f27389db98e609a36da5343dbe49
00000003e33aeee2ff4d8688b7472511a52342ff8c27e86c5b76bbd6c48b98edd9c229037751d02e58f3d4234d9a3b0ad9ae4947ae14beebb274746fe3624bb9752c7eb3d0457ea8896563649c4fdd86b6c682c4334b889e463ab8e14228758d2cf8105f2ef11d83018157a3119a44874dc34d5f0bddb533f50df52c688ec28f7663a4be2cac642310977aa759fc503c769772a1b84a71a7518bc0d4a417c96f0cf4355a78513c77cdc676a7b09125802c8045756da867e0025a36f185fd325def522f04c7b6d6d9b501739aab1967506281a12e01,fbfbb5cfaeaf1986b0192c838efbf6c1e37620a037f7252f85837df93690c490ef9407908a21fc28be8a20b96d5a663f83574ed06d48fcd3252aabf311179cf8
00000003b6b5d14046561328b7689b0a89014823537cf9eeaca6ea5c56a3e58d2abfc2ee455dfccb505d2ac250a97562db71b599dd018ab0410ada2023182aefb49723dd24e1473dcf6c3fcd4b9e6b72853934b306a078b1f2fb17879db4a0a93d484abbc2b746cfb30db6f7844b1e5b7aebfcb240a2fe4879e5620f7acd89a6ea457bf367152a4ef6787b565e8d71be6fdb0c97c4659389c800a2047f668b366214adc716f402d53e0ab2c1e93467ac032bc60329cda6c1d9cc14904e624105d6cfed378783d5c040ed91f6ceb2ccf87e4106a100,f652953a769e579b831ff5030ae64a87831160a93eb036cbedab931a5e84d431c6a957d5d7570824d246a1bf46cbf882c51c6c1b23257bbafeba5448280e91d7
000000037b2821b4f3a6e629001f78ba1aa7346e5738ebd3e7cd26cf1c4bdcb5ca261b7ede80b8f45b22080d4d0cdb5aaa5c51fdae8ddfcdb4748981acb9b2037c017174a140f2457fb0148fe807fd194a9f7be50c3c5b3270e5e618c363d5e97c306dd021cd3d3b5362df1470d0565616e401ef1268803aeb58a2d57fc797358fb456d5cf96afecb1ee0d2b90782aa0d652b8c0e0bd315031a90d14d8bd10e70e6d3ce5f4123f38e370024166fb9e2306b6cc25f9a8a4e5c65973b785c1e2637937de239bb0fde34b786dceea66f6bb12eb416901,98be831912aaa80a11c0e71dbbfc1e448544666e3f05351867f2773d205cada5a62c27b06ccb0279bb0939e65a0d52cde42e88f83a08732bd14464adef3052e8
0000000344743cc2df9bf5cae8e08aac0fc2d27c85076d5d9444203bb86e56c0070e7e2ae2751a1f71962726a31f77553c2da38f4fecda435b6e5459d5e833b4a2f96f2234d143b611579f4c176bc167a42c3e3aa6905c92237acd247e343848d16aa883a20307f5436354bab32b4633e83178f33626af3edb14f82724b8e125013a24174530fd504da844b719064c9fc3d38ea9afa148102b65dc82a7c75f7d041390a2209b80f7c64d14965cc2f515d5fbdf37953f75c4a0203bf0d9fb674b33a0ae8344ae4aee0dad5dc70c3f90b375bec94500,f4647261ac1a901890be3c601d65f1c567cb3079c7a9e916432ac5b8d242f9e63cb9cc3eb21bda2246590165aac64dd92acc872f14ca470501d6bc5c8d3265a9
