baa12356ab04569aa3104cfde620d697d76db3dcb659eaf6c086be6b414a494dea4bd30aef8450ae639f473148c05b36725147a6a9ce1a8c,f62d60f4bffe89dcaa4daa46686117869fd9317361740ec2a579137ae2cd6a37
cee4ab81332d1a69a32d4af525da7faf90d62c71331ee7c99915646de2449b3cb78d142b6018f3da7a16769722ec2c7185aedafe2699a8bc,75ab11d221d2b77e3f1642bfc0be99626614a78f09c8a1e8f11d4b2bf9be417b
0f8d4a9bb82f118d191694a644ca0d5e7f16e09114878895626faa93b9c8c5a35061073223f066e35242772385c67aaefb3f7ea7df244d73,8af26d84d003864324e1b30487aaf780465991cc579510929974763dfcdf6227
369db1ea0b208792475450c4cefb21de11951fb8617d33132ce18755d99fa98440255ac05f900a48f396ee22209271ea0bda10fb5e2584e7,76df6756df20b1891d5e5fe8c7650c9638d67e8a12a05c3ac7036c6193f56158
536e8bb1d00a0dd7b852b0aa653cd86c5b3ecb86d8ff2f39d74f22118262b4bca9aa52632448c525bce79a269f312539f0d3d4cf46265fc0,1ecf7fcd430d3137d417c196dc5574d64623207c71af7acfa43df8a8160d7ddc
f69e093181f8b02114e492485696c671b648450c4fcd97aa4d2efa758272cb30d58ced16f2c60402b90828a69c211ccdce97edb797e4fa93,208f11afe979400d6f0eceb2d842767f063bf80ed6df143703b71f0502aeee18
915b717562844d59623bc582f1a95fc678cf0d39af32560c6c06e3a74023c89cae49e9cb36d99776ee61f8c9b289f714bb16d2955e33445d,dbe5ff664c8bef65494dfe39f7fc40a991165da731b6da2de2abb1367ce65848
09deb9575577abffd5c1c9fa11c36b86430cbb1f3ec10ebbe3787d0f5641d6d7fb96c810eda202ddce635c394249e55c6b73ce0855ad13c0,de774ffe0b2f3d40bfbd992c515fa4fcb349b39157c6b3848ee208ce948290ad
8ae48b1ac011526c0a627c17b51c584ac00eb20fe7c292f3ad820a074d8b3d8d24506612752d8677c2d6ca24f556cc4518c90b6549ada023,ca8da46f993103353155abd42033639f5b0792e2e166887e5076b5e2da87a495
3913ae51079cf276c8d88a4dd5fe666b5b1f704ab6a080a8f661d7b30fb11bef70e15b257d7073885468a380862202b2d705a84827644b5b,5ad4742083d1c10ea3d48ab413386c06a37790f9471d85199f687439fb73707c
