kind,case,sphincsCount,starkCount,transactionsPerBatch,measuredBatches,targetTxPerSecond,offeredTxPerSecond,offeredObjectsPerSecond,offeredDurationSeconds,actualSendDurationSeconds,durationSeconds,preparationSeconds,drainSeconds,offeredTransactions,offeredObjects,droppedTransactions,droppedObjects,rejectedTransactions,acceptedUniqueTransactions,repeatedAcceptances,acceptedTxPerSecond,goodputBytes,payloadBytes,wireBytes,goodputMbps,payloadMbps,wireMbps,proofBytesMean,wrapperBytesMean,p50LatencyMs,p95LatencyMs,proveWallMs,verifyWallMs,encodeWallMs,transferWallMs,admissionWallMs,proveCpuMs,verifyCpuMs,networkCpuMs,processCpuMs,rejectionReasons
"crypto","sphincs1","1","0","0","3","0","0","0","0","0","0.4066193","0","0.4066193","0","0","0","0","0","0","0","0","0","0","0","0","0","0","265301.3333333333","0","137.2763","139.19379999999998","374.6172","31.6593","0","0","0","2479.2039999999993","74.02799999999979","0","2553.565","{}"
"crypto","sphincs4","4","0","0","3","0","0","0","0","0","0.8835031","0","0.8835031","0","0","0","0","0","0","0","0","0","0","0","0","0","0","277002.6666666667","0","294.874","299.3313","850.3620000000001","32.884","0","0","0","6777.703999999999","72.82500000000073","0","6850.767","{}"
"crypto","sphincs8","8","0","0","3","0","0","0","0","0","4.5248304","0","4.5248304","0","0","0","0","0","0","0","0","0","0","0","0","0","0","328072","0","1458.9017","1622.7537","4480.4497","43.9312","0","0","0","32203.392","163.83800000001065","0","32367.750999999997","{}"
"crypto","sphincs16","16","0","0","3","0","0","0","0","0","11.8475076","0","11.8475076","0","0","0","0","0","0","0","0","0","0","0","0","0","0","295973.3333333333","0","3938.6553","4077.6890000000003","11801.6203","45.4813","0","0","0","86263.34599999999","164.3240000000078","0","86428.05200000001","{}"
"crypto","stark1","0","1","0","3","0","0","0","0","0","0.0394088","0","0.0394088","0","0","0","0","0","0","0","0","0","0","0","0","0","0","291761.3333333333","0","13.4729","14.121099999999998","19.7697","19.5803","0","0","0","41.33199999999488","39.674999999959255","0","81.0570000000007","{}"
"crypto","block-sphincs64","64","0","0","3","0","0","0","0","0","55.8198361","0","55.8198361","0","0","0","0","0","0","0","0","0","0","0","0","0","0","301882.6666666667","0","18552.743599999998","18859.1132","55768.347200000004","50.551700000000004","0","0","0","411673.14200000005","175.70900000008987","0","411849.83300000004","{}"
"crypto","block-sphincs128","128","0","0","3","0","0","0","0","0","113.373175","0","113.373175","0","0","0","0","0","0","0","0","0","0","0","0","0","0","312496","0","37809.8695","37926.0893","113322.7105","49.314499999999995","0","0","0","842699.2430000001","178.84599999990314","0","842879.709","{}"
"load","sphincs1","1","0","1","22","10","10","10","3","0","3.1958249","0","0.19582489999999986","30","30","8","8","0","22","0","6.8839816599463886","6248","5849516","5384192","0.015640406331398196","14.64289485947744","13.478065084229115","265449.0909090909","265887.0909090909","373.7182","424.7097","2704.9501999999998","255.35829999999996","71.4656","121.82679999999999","291.59350000000006","18037.886000000173","600.0759999996517","266.9809999996796","18956.719999999972","{}"
"load","sphincs1","1","0","1","23","50","50","50","3","0","3.2684212","0","0.26842120000000014","150","150","127","127","0","23","0","7.037036719747136","6532","6113850","5627504","0.015988147427265495","14.96465633009601","13.77424427426918","265381.5652173913","265819.5652173913","408.3585","439.3519","2872.7086000000004","255.21499999999997","45.95849999999999","62.610299999999995","283.661","19170.345999999903","597.0769999998156","131.33399999979883","19941.5","{}"
"load","sphincs1","1","0","1","22","100","100","100","3","0","3.3136042","0","0.3136041999999999","300","300","278","278","0","22","0","6.639296268395604","6248","5849516","5384192","0.015084481121794812","14.12242536389832","12.998998492336533","265449.0909090909","265887.0909090909","431.5014","521.8919","2926.2852999999996","251.5214","43.806999999999995","62.6154","278.0088","19201.36699999892","628.5419999994338","145.3760000001639","20016.23900000006","{}"
"load","sphincs4","4","0","4","8","10","10.666666666666666","2.6666666666666665","3","0","3.1322437","0","0.13224370000000008","32","8","0","0","0","32","0","10.216318736629592","9088","2233120","2160752","0.023211476169622432","5.703566424285568","5.518732785702466","277552","279140","330.9855","434.0535","2406.9542","94.7194","17.3674","21.1238","224.52779999999996","18387.530000000028","196.84999999962747","40.13699999987148","18767.158000000054","{}"
"load","sphincs4","4","0","4","12","50","50.666666666666664","12.666666666666666","3","0","3.8053908","0","0.8053908000000001","152","38","104","26","0","48","0","12.613684775818557","13632","3348624","3239344","0.02865829181065976","7.03974792812344","6.810010682739865","277464","279052","921.8536","949.2309","3586.4244000000003","138.29639999999998","25.843699999999995","37.7462","153.2618","27573.58100000024","295.1890000004787","65.9769999999553","27952.694999999832","{}"
"load","sphincs4","4","0","4","12","100","100","25","3","0","3.7675839","0","0.7675839","300","75","252","63","0","48","0","12.740260409330235","13632","3348624","3239344","0.028945871649998293","7.110390295488841","6.8783476859002395","277464","279052","915.0015","932.2383","3544.4647","138.03840000000002","29.797699999999995","38.2916","152.8304","27360.120999999577","289.35600000061095","70.51399999973364","27737.523999999976","{}"
"load","sphincs8","8","0","8","4","10","10.666666666666666","1.3333333333333333","3","0","5.8969831","0","2.8969831","32","4","0","0","0","32","0","5.426503596389822","9088","1324416","1281792","0.012329016170997674","1.7967370467790555","1.7389122244559256","327984","331104","2728.9742","3496.9595","5806.856","55.32560000000001","10.2424","12.415199999999999","61.6932","42755.95100000012","214.21600000024773","23.502999999793246","43001.99499999988","{}"
"load","sphincs8","8","0","8","4","50","50.666666666666664","6.333333333333333","3","0","5.8655474","0","2.8655473999999996","152","19","120","15","0","32","0","5.455586293616859","9088","1324416","1281792","0.012395092059097505","1.8063664441617164","1.748231716616935","327984","331104","4101.4026","4265.5255","5776.803800000001","58.703399999999995","10.2258","12.4804","64.9411","42664.027","215.74800000013784","23.5089999998454","42911.08200000017","{}"
"load","sphincs8","8","0","8","5","100","101.33333333333333","12.666666666666666","3","0","7.0979937","0","4.0979937","304","38","264","33","0","40","0","5.635395252604972","11360","1654904","1601456","0.012803618013918496","1.8652076290233957","1.8049675079311496","327860.8","330980.8","4122.189","4244.1867","6986.264000000001","74.32730000000001","12.7246","15.418800000000001","82.2078","52954.886000000406","271.01199999963865","29.227999999653548","53266.16099999985","{}"
"load","sphincs16","16","0","16","2","10","10.666666666666666","0.6666666666666666","3","0","7.9876008","0","4.9876008","32","2","0","0","0","32","0","4.006209223675775","9088","604144","585920","0.009102107356191361","0.6050818163070945","0.5868295270840276","295888","302072","6387.5712","6387.5712","7943.763199999999","28.8583","4.7122","5.8052","32.376000000000005","58176.308000000194","105.18800000054762","11.0699999993667","58298.00699999975","{}"
"load","sphincs16","16","0","16","3","50","53.333333333333336","3.3333333333333335","3","0","11.7609931","0","8.7609931","160","10","112","7","0","48","0","4.081287999395221","13632","906472","879232","0.009272686334625942","0.6165955492312974","0.5980665017140432","295973.3333333333","302157.3333333333","7570.6074","11120.961","11695.9018","43.4943","6.8392","8.3238","48.642300000000006","86334.70499999961","162.73199999937788","15.739000000059605","86520.39399999985","{}"
"load","sphincs16","16","0","16","3","100","101.33333333333333","6.333333333333333","3","0","11.5672228","0","8.5672228","304","19","256","16","0","48","0","4.149656389431697","13632","906472","879232","0.009428019316788815","0.6269245544401548","0.6080851144321349","295973.3333333333","302157.3333333333","7569.7685","11247.1793","11494.0312","45.1953","6.9352","14.1968","50.6978","85937.54300000053","169.97700000042096","22.72399999992922","86137.99200000009","{}"
"load","stark1","0","1","1","30","10","10","10","3","0","3.0021163","0","0.00211629999999996","30","30","0","0","0","30","0","9.992950639520528","8520","8751388","4709968","0.022703983852990637","23.320583549677938","12.551060730058992","291274.93333333335","291712.93333333335","25.9512","37.0083","307.94739999999996","256.14649999999995","59.3895","71.8544","308.64950000000005","624.9539999999106","581.6749999998137","142.15900000091642","1457.2620000001043","{}"
"load","stark1","0","1","1","150","50","50","50","3","0","3.00151","0","0.0015100000000001224","150","150","0","0","0","150","0","49.97484599418293","42600","43775868","23555440","0.11354285009878361","116.67692061662295","62.782905937344864","291401.12","291839.12","17.5292","19.4693","908.2651000000002","932.5530000000003","194.63280000000003","233.55070000000003","1094.8614","2032.8250000001863","2054.700000000652","491.0130000016652","4843.410999999847","{}"
"load","stark1","0","1","1","177","100","100","100","3","0","3.0352478","0","0.03524780000000005","300","300","123","123","0","177","0","58.314843354799564","50268","51653634","27791632","0.13249132410210462","136.14343843688806","73.25038041375073","291390.4406779661","291828.4406779661","47.7859","53.6205","1148.1734999999999","1174.9938000000002","226.59619999999987","287.3453999999999","1363.3973999999998","2460.3160000038333","2517.905999999959","583.1060000020079","5780.2599999997765","{}"
"protocol-preproved","sphincs1","1","0","1","30","10","10","10","3","2.9130035","3.0010867","3.7704896","0.001086700000000107","30","30","0","0","0","30","0","9.996378978321419","8520","7972668","7350256","0.022711773038746264","21.252749545689564","19.593585216981566","265317.6","265755.6","28.7776","35.3415","0","441.24999999999994","142.83499999999998","149.3193","0","0","986.0980000006966","331.8149999999441","1403.8770000003278","{}"
"protocol-preproved","sphincs1","1","0","1","150","50","50","50","3","2.9862433","3.0013149","18.3488865","0.0013149000000001188","150","150","0","0","0","150","0","49.97809460113632","42600","39868868","36787440","0.1135502309337817","106.27040301569154","98.05686167752674","265354.4533333333","265792.4533333333","18.2712","19.991","0","1601.3473000000001","365.0182","424.9873000000001","0","0","3520.305000002496","863.4199999994598","4551.813000000082","{}"
"protocol-preproved","sphincs1","1","0","1","300","100","100","100","3","2.9967017","3.0153374","36.4581388","0.015337399999999946","300","300","101","101","0","199","0","65.99593133425135","56516","79721232","73544464","0.14994275599141907","211.50862122427824","195.12102095108824","265299.44","265737.44","22.8825","28.1135","0","2190.0221999999994","756.1585999999996","835.8717000000003","0","0","6091.433999997564","4390.697000002023","6972.540000000037","{""Local ingress capacity or pending-wrapper drop"":101}"
"protocol-preproved","sphincs4","4","0","4","8","10","10.666666666666666","2.6666666666666665","3","2.817215","3.0005352","2.6942402","0.0005351999999998469","32","8","0","0","0","32","0","10.664764072756087","9088","2233120","2164592","0.024230343973301833","5.953924486538269","5.771215748443812","277552","279140","38.168","40.1138","0","124.8996","62.0829","47.7892","0","0","262.4980000006035","114.00300000049174","407.1630000001751","{}"
"protocol-preproved","sphincs4","4","0","4","38","50","50.666666666666664","12.666666666666666","3","2.968547","3.0016665","11.5033428","0.0016664999999997931","152","38","0","0","0","152","0","50.63853695938573","43168","10601904","10245056","0.11505075597172439","28.256047765466285","27.30498141615666","277409.4736842105","278997.4736842105","25.4351","29.9769","0","526.9329","143.4085","173.97570000000002","0","0","1111.8409999976866","336.2269999999553","1518.158999999985","{}"
"protocol-preproved","sphincs4","4","0","4","75","100","100","25","3","2.9663166","3.0013956","22.55823","0.0013955999999999413","300","75","0","0","0","300","0","99.95350163104123","85200","20926604","20221664","0.2270943557057257","55.77832925456411","53.89936334950315","277433.38666666666","279021.38666666666","21.4298","29.3824","0","986.9409","212.49090000000012","260.08","0","0","2086.701000001747","502.2249999982305","2710.896999999881","{}"
"protocol-preproved","sphincs16","16","0","16","2","10","10.666666666666666","0.6666666666666666","3","1.6191547","3.0005297","12.2726258","0.0005296999999999663","32","2","0","0","0","32","0","10.66478362137192","9088","604144","586848","0.024230388387757002","1.6107662590375293","1.5646517346587172","295888","302072","46.0992","46.0992","0","37.5946","11.745","19.2604","0","0","140.5610000002198","31.89699999988079","184.7909999997355","{}"
"protocol-preproved","sphincs16","16","0","16","10","50","53.333333333333336","3.3333333333333335","3","2.8969588","3.0020885","42.9369362","0.0020885000000001597","160","10","0","0","0","160","0","53.296230274357335","45440","3010672","2924400","0.12108903518333985","8.022873409627998","7.792974790716529","294883.2","301067.2","34.2857","57.3402","0","205.90609999999998","65.151","51.6606","0","0","735.1239999993704","127.58899999968708","894.7140000001527","{}"
"protocol-preproved","sphincs16","16","0","16","19","100","101.33333333333333","6.333333333333333","3","2.893597","3.0022069","78.1749221","0.0022069000000000116","304","19","0","0","0","304","0","101.25884395242713","86336","5721960","5556928","0.23006009345991443","15.247343545842893","14.807581715970342","294971.7894736842","301155.7894736842","40.3246","44.0492","0","397.76270000000005","128.5925","122.3228","0","0","1531.1260000006296","261.55500000016764","1856.132000000216","{}"
"protocol-preproved","stark1","0","1","1","30","10","10","10","3","2.9048517","3.0019477","0.205434","0.0019477000000001077","30","30","0","0","0","30","0","9.993511878971109","8520","8751388","4728192","0.02270525898902236","23.32189331612939","12.600331444814978","291274.93333333335","291712.93333333335","21.1863","28.1176","0","281.0826","105.61700000000002","136.7645","0","0","557.6660000006668","257.8080000006594","884.6200000001118","{}"
"protocol-preproved","stark1","0","1","1","150","50","50","50","3","2.9870377","3.0004006","1.0140234","0.0004005999999998622","150","150","0","0","0","150","0","49.993324224771854","42600","43775868","23631584","0.11358483263868165","116.7200619810568","63.00914351236965","291401.12","291839.12","13.5387","15.157","0","994.8016999999999","304.6300999999998","354.2741000000002","0","0","2063.0550000001676","702.6150000020862","2969.899999999907","{}"
"protocol-preproved","stark1","0","1","1","300","100","100","100","3","2.9958521","3.0054928","1.9839579","0.005492799999999853","300","300","85","85","0","215","0","71.53568958807688","61060","87547424","47254464","0.16252908674411065","233.03312920929307","125.78160626437037","291386.74666666664","291824.74666666664","12.2395","16.0488","0","1384.0108000000007","617.0922999999998","637.7374999999998","0","0","3550.110999998171","2010.000000004191","5075.104999999981","{""Local ingress capacity or pending-wrapper drop"":85}"
"transport","object-1048576","0","0","0","3","0","0","1","3","0","3.0004359","0","0.00043589999999982254","0","3","0","0","0","0","0","0","3145728","3145728","3146064","8.38738931233292","8.38738931233292","8.388285182163031","0","1048576","38.9057","41.4205","0","0","49.6765","44.6977","0","0","0","100.3999999994412","105.5449999999255","{}"
"transport","object-10485760","0","0","0","3","0","0","1","3","0","3.0009967","0","0.0009966999999999615","0","3","0","0","0","0","0","0","31457280","31457280","31458912","83.85821950420672","83.85821950420672","83.86257005880746","0","10485760","207.0024","208.2238","0","0","300.4215","294.77729999999997","0","0","0","628.9319999995641","633.2900000000373","{}"
