scheme,index,generation_wall_ms,proof_bytes
sphincs,0,23.101083000000003,4956
sphincs,1,23.430708000000003,4956
sphincs,2,23.683708000000003,4956
sphincs,3,23.669292000000002,4956
sphincs,4,22.285875,4956
sphincs,5,21.641541,4956
sphincs,6,26.045042000000002,4956
sphincs,7,24.021917000000002,4956
sphincs,8,19.415374999999997,4956
sphincs,9,28.9195,4956
sphincs,10,22.264042,4956
sphincs,11,29.290125,4956
sphincs,12,25.103042,4956
sphincs,13,21.95175,4956
sphincs,14,20.234334,4956
sphincs,15,23.622083,4956
sphincs,16,20.415334,4956
sphincs,17,20.874291,4956
sphincs,18,24.577375,4956
sphincs,19,23.797416,4956
sphincs,20,18.767084,4956
sphincs,21,21.660959000000002,4956
sphincs,22,23.18425,4956
sphincs,23,22.63625,4956
sphincs,24,25.450875,4956
sphincs,25,25.462167,4956
sphincs,26,24.254,4956
sphincs,27,20.910834,4956
sphincs,28,21.024917000000002,4956
sphincs,29,23.217458,4956
sphincs,30,29.637459,4956
sphincs,31,21.289083,4956
sphincs,32,24.467708000000002,4956
sphincs,33,23.026999999999997,4956
sphincs,34,24.076792,4956
sphincs,35,19.0105,4956
sphincs,36,20.1675,4956
sphincs,37,22.30425,4956
sphincs,38,20.685583,4956
sphincs,39,27.174791,4956
sphincs,40,27.537166,4956
sphincs,41,25.998834,4956
sphincs,42,22.197459,4956
sphincs,43,20.685624999999998,4956
sphincs,44,21.601458,4956
sphincs,45,25.857249999999997,4956
sphincs,46,21.864625,4956
sphincs,47,21.711833,4956
sphincs,48,20.819917,4956
sphincs,49,21.756958,4956
sphincs,50,23.923,4956
sphincs,51,22.599999999999998,4956
sphincs,52,20.681708,4956
sphincs,53,21.375,4956
sphincs,54,21.034209,4956
sphincs,55,27.247542,4956
sphincs,56,27.424416,4956
sphincs,57,21.369916,4956
sphincs,58,19.589665999999998,4956
sphincs,59,20.4635,4956
sphincs,60,26.981167,4956
sphincs,61,20.111250000000002,4956
sphincs,62,33.597500000000004,4956
sphincs,63,21.399959,4956
sphincs,64,27.773916999999997,4956
sphincs,65,22.21225,4956
sphincs,66,21.727541,4956
sphincs,67,27.633875,4956
sphincs,68,22.327834000000003,4956
sphincs,69,26.818209,4956
sphincs,70,21.839333,4956
sphincs,71,21.719417,4956
sphincs,72,21.870625,4956
sphincs,73,20.179125,4956
sphincs,74,22.737834,4956
sphincs,75,24.084834,4956
sphincs,76,21.082625,4956
sphincs,77,24.093291,4956
sphincs,78,22.531833000000002,4956
sphincs,79,22.775541999999998,4956
sphincs,80,21.007167,4956
sphincs,81,24.802208,4956
sphincs,82,28.237083,4956
sphincs,83,22.466041999999998,4956
sphincs,84,20.327958,4956
sphincs,85,20.874333,4956
sphincs,86,23.435542,4956
sphincs,87,21.992500000000003,4956
sphincs,88,19.934916,4956
sphincs,89,25.253999999999998,4956
sphincs,90,26.749917,4956
sphincs,91,20.945875,4956
sphincs,92,32.376792,4956
sphincs,93,21.562208,4956
sphincs,94,19.536791,4956
sphincs,95,21.875708,4956
sphincs,96,20.473125,4956
sphincs,97,19.360333,4956
sphincs,98,28.436916999999998,4956
sphincs,99,20.378125,4956
sphincs,100,26.648042,4956
sphincs,101,20.165375,4956
sphincs,102,23.70125,4956
sphincs,103,20.718833999999998,4956
sphincs,104,20.760625,4956
sphincs,105,21.131875,4956
sphincs,106,20.756166,4956
sphincs,107,22.595542,4956
sphincs,108,19.554334,4956
sphincs,109,23.921792,4956
sphincs,110,24.790625,4956
sphincs,111,23.983207999999998,4956
sphincs,112,19.417416,4956
sphincs,113,26.069708000000002,4956
sphincs,114,21.042208,4956
sphincs,115,22.925542,4956
sphincs,116,25.090042,4956
sphincs,117,23.862000000000002,4956
sphincs,118,29.517959,4956
sphincs,119,22.597958000000002,4956
sphincs,120,23.98825,4956
sphincs,121,22.525790999999998,4956
sphincs,122,20.672791999999998,4956
sphincs,123,21.114333,4956
sphincs,124,23.257959000000003,4956
sphincs,125,24.907042,4956
sphincs,126,23.595917,4956
sphincs,127,29.740792,4956
sphincs,128,23.442416,4956
sphincs,129,24.029709,4956
sphincs,130,20.455917,4956
sphincs,131,27.488958,4956
sphincs,132,28.712958,4956
sphincs,133,21.697709,4956
sphincs,134,21.229625,4956
sphincs,135,19.228584,4956
sphincs,136,20.370583,4956
sphincs,137,22.34975,4956
sphincs,138,20.017042,4956
sphincs,139,22.853375,4956
sphincs,140,23.218666,4956
sphincs,141,20.304916,4956
sphincs,142,20.000417,4956
sphincs,143,22.733791999999998,4956
sphincs,144,21.775458,4956
sphincs,145,22.189209,4956
sphincs,146,20.713874999999998,4956
sphincs,147,18.705459,4956
sphincs,148,22.349041,4956
sphincs,149,23.058625,4956
sphincs,150,20.229125,4956
sphincs,151,22.508459000000002,4956
sphincs,152,21.986708,4956
sphincs,153,22.761582999999998,4956
sphincs,154,19.906833,4956
sphincs,155,21.83925,4956
sphincs,156,32.978874999999995,4956
sphincs,157,21.906917,4956
sphincs,158,22.490040999999998,4956
sphincs,159,24.457832999999997,4956
sphincs,160,25.305834,4956
sphincs,161,32.797958,4956
sphincs,162,20.049500000000002,4956
sphincs,163,22.049791,4956
sphincs,164,25.887583,4956
sphincs,165,24.777458,4956
sphincs,166,24.172,4956
sphincs,167,23.26025,4956
sphincs,168,23.2925,4956
sphincs,169,22.082625,4956
sphincs,170,20.096708,4956
sphincs,171,20.976209,4956
sphincs,172,26.452792,4956
sphincs,173,20.102417000000003,4956
sphincs,174,26.21175,4956
sphincs,175,20.321625,4956
sphincs,176,21.085625,4956
sphincs,177,32.766041,4956
sphincs,178,21.898833999999997,4956
sphincs,179,23.314,4956
sphincs,180,21.087875,4956
sphincs,181,23.6135,4956
sphincs,182,20.858,4956
sphincs,183,24.391292,4956
sphincs,184,22.781667,4956
sphincs,185,25.933833,4956
sphincs,186,30.547333,4956
sphincs,187,24.618083,4956
sphincs,188,28.04375,4956
sphincs,189,23.818042000000002,4956
sphincs,190,22.883334,4956
sphincs,191,26.133792,4956
sphincs,192,24.025292,4956
sphincs,193,21.243958,4956
sphincs,194,20.189625,4956
sphincs,195,19.710666000000003,4956
sphincs,196,25.944374999999997,4956
sphincs,197,32.327334,4956
sphincs,198,22.450166,4956
sphincs,199,32.462917,4956
sphincs,200,24.613917,4956
sphincs,201,20.926625,4956
sphincs,202,25.592292,4956
sphincs,203,27.7915,4956
sphincs,204,30.370334,4956
sphincs,205,19.426709,4956
sphincs,206,28.806542,4956
sphincs,207,24.770125,4956
sphincs,208,22.77375,4956
sphincs,209,26.996208,4956
sphincs,210,25.538874999999997,4956
sphincs,211,23.235666,4956
sphincs,212,26.471791000000003,4956
sphincs,213,25.495541,4956
sphincs,214,23.154125,4956
sphincs,215,21.702625,4956
sphincs,216,27.678917000000002,4956
sphincs,217,21.576334,4956
sphincs,218,24.964208000000003,4956
sphincs,219,25.773332999999997,4956
sphincs,220,22.725333,4956
sphincs,221,18.707292,4956
sphincs,222,23.324125000000002,4956
sphincs,223,19.301417,4956
sphincs,224,21.83825,4956
sphincs,225,19.220208,4956
sphincs,226,28.810459,4956
sphincs,227,24.456,4956
sphincs,228,29.729459,4956
sphincs,229,21.113917,4956
sphincs,230,29.986666,4956
sphincs,231,19.296792,4956
sphincs,232,27.20375,4956
sphincs,233,24.715958999999998,4956
sphincs,234,20.953583000000002,4956
sphincs,235,18.921291999999998,4956
sphincs,236,19.568167000000003,4956
sphincs,237,24.672,4956
sphincs,238,20.864125,4956
sphincs,239,23.494667,4956
sphincs,240,20.080167,4956
sphincs,241,21.658041,4956
sphincs,242,23.084625000000003,4956
sphincs,243,22.122792,4956
sphincs,244,22.887375000000002,4956
sphincs,245,20.999541999999998,4956
sphincs,246,25.354833,4956
sphincs,247,20.588667,4956
sphincs,248,25.216083,4956
sphincs,249,20.818625,4956
sphincs,250,25.201833,4956
sphincs,251,22.672125,4956
sphincs,252,25.313209,4956
sphincs,253,22.952791,4956
sphincs,254,26.487666,4956
sphincs,255,21.50125,4956
sphincs,256,21.298750000000002,4956
sphincs,257,23.80775,4956
sphincs,258,23.039917,4956
sphincs,259,22.316625,4956
sphincs,260,23.505042,4956
sphincs,261,19.035166999999998,4956
sphincs,262,22.669791,4956
sphincs,263,22.370125,4956
sphincs,264,20.738791,4956
sphincs,265,26.147416,4956
sphincs,266,23.472125,4956
sphincs,267,28.302,4956
sphincs,268,29.225250000000003,4956
sphincs,269,25.38475,4956
sphincs,270,20.806625,4956
sphincs,271,19.446708,4956
sphincs,272,19.301667000000002,4956
sphincs,273,20.11425,4956
sphincs,274,24.614417,4956
sphincs,275,22.267374999999998,4956
sphincs,276,24.571790999999997,4956
sphincs,277,22.675458,4956
sphincs,278,25.02325,4956
sphincs,279,20.58825,4956
sphincs,280,20.495417,4956
sphincs,281,18.656417,4956
sphincs,282,21.641542,4956
sphincs,283,20.323999999999998,4956
sphincs,284,26.918125,4956
sphincs,285,26.543875,4956
sphincs,286,27.565792,4956
sphincs,287,21.05325,4956
sphincs,288,23.568167000000003,4956
sphincs,289,24.869708,4956
sphincs,290,21.713417,4956
sphincs,291,23.838667,4956
sphincs,292,22.689917,4956
sphincs,293,21.586834,4956
sphincs,294,26.894250000000003,4956
sphincs,295,28.913666000000003,4956
sphincs,296,23.239375,4956
sphincs,297,22.954625,4956
sphincs,298,31.097458000000003,4956
sphincs,299,28.713666999999997,4956
sphincs,300,22.537875,4956
sphincs,301,21.109458,4956
sphincs,302,18.483041,4956
sphincs,303,25.912458,4956
sphincs,304,20.754125,4956
sphincs,305,21.662041,4956
sphincs,306,23.146625,4956
sphincs,307,19.888541999999998,4956
sphincs,308,26.305584,4956
sphincs,309,19.828416,4956
sphincs,310,19.27625,4956
sphincs,311,21.304333000000003,4956
sphincs,312,20.885832999999998,4956
sphincs,313,21.576041,4956
sphincs,314,21.569333,4956
sphincs,315,22.059584,4956
sphincs,316,23.977083999999998,4956
sphincs,317,21.05275,4956
sphincs,318,22.070375,4956
sphincs,319,24.620959000000003,4956
sphincs,320,21.278374999999997,4956
sphincs,321,22.407415999999998,4956
sphincs,322,22.076792,4956
sphincs,323,26.417042000000002,4956
sphincs,324,23.269666,4956
sphincs,325,19.708458,4956
sphincs,326,21.461208,4956
sphincs,327,21.0095,4956
sphincs,328,26.011917,4956
sphincs,329,23.98,4956
sphincs,330,23.227833,4956
sphincs,331,25.325125,4956
sphincs,332,21.107708,4956
sphincs,333,25.718042,4956
sphincs,334,25.439083,4956
sphincs,335,25.300125,4956
sphincs,336,20.726000000000003,4956
sphincs,337,21.558625000000003,4956
sphincs,338,20.028667,4956
sphincs,339,23.140291,4956
sphincs,340,25.393334,4956
sphincs,341,27.917917,4956
sphincs,342,29.583458999999998,4956
sphincs,343,20.284209,4956
sphincs,344,23.426041,4956
sphincs,345,23.362125000000002,4956
sphincs,346,23.317958,4956
sphincs,347,20.947916,4956
sphincs,348,19.334291999999998,4956
sphincs,349,22.990084,4956
sphincs,350,31.592916,4956
sphincs,351,26.034000000000002,4956
sphincs,352,20.904708,4956
sphincs,353,24.338042,4956
sphincs,354,19.611791,4956
sphincs,355,20.808917,4956
sphincs,356,20.518167000000002,4956
sphincs,357,20.580000000000002,4956
sphincs,358,19.499,4956
sphincs,359,24.978333,4956
sphincs,360,22.714208,4956
sphincs,361,22.723375,4956
sphincs,362,21.499709,4956
sphincs,363,28.522167,4956
sphincs,364,28.349249999999998,4956
sphincs,365,31.547082999999997,4956
sphincs,366,20.853707999999997,4956
sphincs,367,23.249875,4956
sphincs,368,24.057083,4956
sphincs,369,24.570542,4956
sphincs,370,31.378042,4956
sphincs,371,25.062250000000002,4956
sphincs,372,18.836499999999997,4956
sphincs,373,22.789165999999998,4956
sphincs,374,26.429917,4956
sphincs,375,24.428958,4956
sphincs,376,27.424125,4956
sphincs,377,25.681459,4956
sphincs,378,24.37875,4956
sphincs,379,29.885209,4956
sphincs,380,26.824292,4956
sphincs,381,25.31075,4956
sphincs,382,21.6725,4956
sphincs,383,20.96625,4956
sphincs,384,28.563417,4956
sphincs,385,20.174208,4956
sphincs,386,21.605249999999998,4956
sphincs,387,27.924500000000002,4956
sphincs,388,21.911209,4956
sphincs,389,22.471874999999997,4956
sphincs,390,19.445500000000003,4956
sphincs,391,22.169917,4956
sphincs,392,26.610541,4956
sphincs,393,22.321542,4956
sphincs,394,18.33075,4956
sphincs,395,22.944333,4956
sphincs,396,20.52725,4956
sphincs,397,25.940459,4956
sphincs,398,23.438333,4956
sphincs,399,20.8695,4956
sphincs,400,24.223208,4956
sphincs,401,25.333042,4956
sphincs,402,27.766125,4956
sphincs,403,23.118,4956
sphincs,404,20.730999999999998,4956
sphincs,405,20.8805,4956
sphincs,406,23.351208,4956
sphincs,407,23.968708,4956
sphincs,408,22.313209,4956
sphincs,409,27.990667000000002,4956
sphincs,410,22.166708,4956
sphincs,411,21.661333000000003,4956
sphincs,412,29.774915999999997,4956
sphincs,413,25.396917000000002,4956
sphincs,414,23.546916,4956
sphincs,415,23.059875,4956
sphincs,416,24.900624999999998,4956
sphincs,417,27.902041,4956
sphincs,418,19.706208,4956
sphincs,419,26.696082999999998,4956
sphincs,420,27.785,4956
sphincs,421,22.666709,4956
sphincs,422,25.976583,4956
sphincs,423,24.827459,4956
sphincs,424,19.997999999999998,4956
sphincs,425,29.223958,4956
sphincs,426,21.608292000000002,4956
sphincs,427,27.432708,4956
sphincs,428,19.817583,4956
sphincs,429,19.887708,4956
sphincs,430,22.477833999999998,4956
sphincs,431,19.489625,4956
sphincs,432,28.214,4956
sphincs,433,21.850749999999998,4956
sphincs,434,22.590334,4956
sphincs,435,23.342166000000002,4956
sphincs,436,20.2165,4956
sphincs,437,28.678291,4956
sphincs,438,20.168416,4956
sphincs,439,20.132125000000002,4956
sphincs,440,25.9085,4956
sphincs,441,22.870250000000002,4956
sphincs,442,22.462208,4956
sphincs,443,19.243459,4956
sphincs,444,20.016083000000002,4956
sphincs,445,20.230999999999998,4956
sphincs,446,25.40075,4956
sphincs,447,22.577792,4956
sphincs,448,21.276291999999998,4956
sphincs,449,24.906959,4956
sphincs,450,24.899334,4956
sphincs,451,22.268125,4956
sphincs,452,23.060541,4956
sphincs,453,19.603792,4956
sphincs,454,21.805083,4956
sphincs,455,23.517042,4956
sphincs,456,25.716375,4956
sphincs,457,22.722875,4956
sphincs,458,23.103583,4956
sphincs,459,21.376708,4956
sphincs,460,23.108125,4956
sphincs,461,26.354583,4956
sphincs,462,27.681875,4956
sphincs,463,19.881,4956
sphincs,464,20.445,4956
sphincs,465,22.201958,4956
sphincs,466,23.131958,4956
sphincs,467,21.927291,4956
sphincs,468,22.941208,4956
sphincs,469,22.108583,4956
sphincs,470,24.471041999999997,4956
sphincs,471,23.852333,4956
sphincs,472,20.55525,4956
sphincs,473,22.153333,4956
sphincs,474,22.759416,4956
sphincs,475,21.906374999999997,4956
sphincs,476,30.043875,4956
sphincs,477,20.25575,4956
sphincs,478,19.314792,4956
sphincs,479,26.860125,4956
sphincs,480,21.195666,4956
sphincs,481,23.371708,4956
sphincs,482,22.34375,4956
sphincs,483,24.360833,4956
sphincs,484,18.566665999999998,4956
sphincs,485,19.567625000000003,4956
sphincs,486,22.941583,4956
sphincs,487,21.554375,4956
sphincs,488,22.334875,4956
sphincs,489,25.171916,4956
sphincs,490,20.7865,4956
sphincs,491,22.746917,4956
sphincs,492,28.927834,4956
sphincs,493,25.977583,4956
sphincs,494,20.19075,4956
sphincs,495,23.096958,4956
sphincs,496,20.225791,4956
sphincs,497,23.285875,4956
sphincs,498,27.507958,4956
sphincs,499,24.404083,4956
sphincs,500,22.366416,4956
sphincs,501,25.273583,4956
sphincs,502,21.535959000000002,4956
sphincs,503,24.918334,4956
sphincs,504,20.848583,4956
sphincs,505,25.654417,4956
sphincs,506,25.333334,4956
sphincs,507,24.639125,4956
sphincs,508,24.149375,4956
sphincs,509,22.069459,4956
sphincs,510,19.661666,4956
sphincs,511,23.471458000000002,4956
sphincs,512,21.519167,4956
sphincs,513,21.308083,4956
sphincs,514,19.975666999999998,4956
sphincs,515,25.022084,4956
sphincs,516,24.403833,4956
sphincs,517,21.343125,4956
sphincs,518,21.077959,4956
sphincs,519,21.772708,4956
sphincs,520,24.487792000000002,4956
sphincs,521,19.783334,4956
sphincs,522,20.314916999999998,4956
sphincs,523,22.149042,4956
sphincs,524,26.116375,4956
sphincs,525,21.480124999999997,4956
sphincs,526,26.63325,4956
sphincs,527,19.916875,4956
sphincs,528,24.934,4956
sphincs,529,23.383958,4956
sphincs,530,25.369792,4956
sphincs,531,24.012999999999998,4956
sphincs,532,24.273291999999998,4956
sphincs,533,25.476292,4956
sphincs,534,25.033375,4956
sphincs,535,23.728790999999998,4956
sphincs,536,20.073583,4956
sphincs,537,25.460041999999998,4956
sphincs,538,21.188667000000002,4956
sphincs,539,21.551583,4956
sphincs,540,23.871167,4956
sphincs,541,21.665375,4956
sphincs,542,19.307083,4956
sphincs,543,22.021917,4956
sphincs,544,22.864375,4956
sphincs,545,21.230166,4956
sphincs,546,20.775458,4956
sphincs,547,20.517,4956
sphincs,548,20.058542,4956
sphincs,549,26.455917,4956
sphincs,550,20.821042000000002,4956
sphincs,551,24.126833,4956
sphincs,552,21.345584000000002,4956
sphincs,553,33.355125,4956
sphincs,554,24.971166999999998,4956
sphincs,555,22.106709,4956
sphincs,556,22.974,4956
sphincs,557,27.055,4956
sphincs,558,20.696167000000003,4956
sphincs,559,20.847082999999998,4956
sphincs,560,21.88625,4956
sphincs,561,21.454082999999997,4956
sphincs,562,20.2415,4956
sphincs,563,21.892708,4956
sphincs,564,28.729083,4956
sphincs,565,20.677708,4956
sphincs,566,24.854959,4956
sphincs,567,36.244625,4956
sphincs,568,21.855041,4956
sphincs,569,21.164625,4956
sphincs,570,19.606624999999998,4956
sphincs,571,25.445375,4956
sphincs,572,21.268833,4956
sphincs,573,22.974583,4956
sphincs,574,20.753375000000002,4956
sphincs,575,25.208499999999997,4956
sphincs,576,20.76325,4956
sphincs,577,23.66275,4956
sphincs,578,26.261833,4956
sphincs,579,20.307499999999997,4956
sphincs,580,21.219583,4956
sphincs,581,30.458166,4956
sphincs,582,20.843125,4956
sphincs,583,19.697208,4956
sphincs,584,20.098375,4956
sphincs,585,19.299667,4956
sphincs,586,22.039375,4956
sphincs,587,23.014375,4956
sphincs,588,26.243458,4956
sphincs,589,24.914166,4956
sphincs,590,24.782042,4956
sphincs,591,30.256208,4956
sphincs,592,30.446792000000002,4956
sphincs,593,21.520292,4956
sphincs,594,24.358207999999998,4956
sphincs,595,23.934916,4956
sphincs,596,22.280917000000002,4956
sphincs,597,23.817125,4956
sphincs,598,20.417125000000002,4956
sphincs,599,23.7055,4956
sphincs,600,23.3445,4956
sphincs,601,20.358792,4956
sphincs,602,27.907125,4956
sphincs,603,20.663542,4956
sphincs,604,20.717917,4956
sphincs,605,21.290458,4956
sphincs,606,21.04625,4956
sphincs,607,23.969125000000002,4956
sphincs,608,23.5035,4956
sphincs,609,22.8465,4956
sphincs,610,21.932667,4956
sphincs,611,22.85475,4956
sphincs,612,21.599917,4956
sphincs,613,20.246792,4956
sphincs,614,20.981292,4956
sphincs,615,28.649708,4956
sphincs,616,24.360416999999998,4956
sphincs,617,21.595291,4956
sphincs,618,22.148958,4956
sphincs,619,26.837834,4956
sphincs,620,23.729708,4956
sphincs,621,25.015249999999998,4956
sphincs,622,22.9875,4956
sphincs,623,26.258542,4956
sphincs,624,26.2715,4956
sphincs,625,22.107125,4956
sphincs,626,21.252457999999997,4956
sphincs,627,23.548208000000002,4956
sphincs,628,21.217166,4956
sphincs,629,21.962709,4956
sphincs,630,23.936041000000003,4956
sphincs,631,32.325208,4956
sphincs,632,22.618625,4956
sphincs,633,21.702166,4956
sphincs,634,22.729,4956
sphincs,635,21.163375000000002,4956
sphincs,636,26.902625,4956
sphincs,637,20.867832999999997,4956
sphincs,638,25.482625,4956
sphincs,639,25.094208,4956
sphincs,640,20.422833,4956
sphincs,641,22.950792,4956
sphincs,642,23.577959,4956
sphincs,643,23.66775,4956
sphincs,644,21.963875,4956
sphincs,645,24.672208,4956
sphincs,646,23.385208000000002,4956
sphincs,647,25.152207999999998,4956
sphincs,648,23.138708,4956
sphincs,649,20.495292,4956
sphincs,650,18.850833,4956
sphincs,651,22.630582999999998,4956
sphincs,652,23.445166999999998,4956
sphincs,653,19.907208,4956
sphincs,654,20.390042,4956
sphincs,655,21.648457999999998,4956
sphincs,656,18.813083000000002,4956
sphincs,657,30.239874999999998,4956
sphincs,658,23.150750000000002,4956
sphincs,659,20.116834,4956
sphincs,660,22.755917,4956
sphincs,661,23.835625,4956
sphincs,662,21.242957999999998,4956
sphincs,663,18.694667000000003,4956
sphincs,664,23.046667,4956
sphincs,665,28.582584,4956
sphincs,666,21.034542,4956
sphincs,667,22.591917,4956
sphincs,668,19.533458,4956
sphincs,669,24.220417,4956
sphincs,670,24.270708,4956
sphincs,671,22.196375,4956
sphincs,672,25.103832999999998,4956
sphincs,673,29.134959,4956
sphincs,674,22.76475,4956
sphincs,675,27.602458,4956
sphincs,676,31.152292000000003,4956
sphincs,677,24.315791,4956
sphincs,678,25.581957999999997,4956
sphincs,679,25.746333,4956
sphincs,680,26.896458000000003,4956
sphincs,681,22.338834,4956
sphincs,682,25.680583,4956
sphincs,683,27.542707999999998,4956
sphincs,684,24.123417,4956
sphincs,685,24.452166000000002,4956
sphincs,686,22.692375000000002,4956
sphincs,687,21.9515,4956
sphincs,688,22.409625,4956
sphincs,689,24.63025,4956
sphincs,690,21.997084,4956
sphincs,691,21.555999999999997,4956
sphincs,692,19.49275,4956
sphincs,693,21.95525,4956
sphincs,694,20.530666999999998,4956
sphincs,695,27.144458,4956
sphincs,696,21.370625,4956
sphincs,697,21.351083,4956
sphincs,698,22.195083,4956
sphincs,699,19.724708,4956
sphincs,700,18.073249999999998,4956
sphincs,701,24.192958,4956
sphincs,702,23.340625,4956
sphincs,703,28.003041999999997,4956
sphincs,704,21.884332999999998,4956
sphincs,705,25.109625,4956
sphincs,706,22.894250000000003,4956
sphincs,707,21.443,4956
sphincs,708,24.369625,4956
sphincs,709,24.353459,4956
sphincs,710,21.972209,4956
sphincs,711,20.128375000000002,4956
sphincs,712,26.815458,4956
sphincs,713,23.093916999999998,4956
sphincs,714,29.86675,4956
sphincs,715,26.335917000000002,4956
sphincs,716,26.366916,4956
sphincs,717,19.940541999999997,4956
sphincs,718,28.79175,4956
sphincs,719,23.142791,4956
sphincs,720,23.972,4956
sphincs,721,21.052457999999998,4956
sphincs,722,26.78,4956
sphincs,723,23.3585,4956
sphincs,724,20.0335,4956
sphincs,725,20.466749999999998,4956
sphincs,726,22.464958,4956
sphincs,727,23.308334,4956
sphincs,728,21.94125,4956
sphincs,729,21.599208,4956
sphincs,730,22.556542,4956
sphincs,731,22.082583,4956
sphincs,732,23.224417,4956
sphincs,733,22.656083,4956
sphincs,734,23.136166,4956
sphincs,735,24.935041000000002,4956
sphincs,736,21.563084,4956
sphincs,737,26.217083,4956
sphincs,738,26.352084,4956
sphincs,739,21.034,4956
sphincs,740,21.008833000000003,4956
sphincs,741,19.454958,4956
sphincs,742,21.351417,4956
sphincs,743,27.153040999999998,4956
sphincs,744,22.528209,4956
sphincs,745,19.818042000000002,4956
sphincs,746,24.256625,4956
sphincs,747,26.294749999999997,4956
sphincs,748,22.823166,4956
sphincs,749,23.650707999999998,4956
sphincs,750,22.412709,4956
sphincs,751,26.9615,4956
sphincs,752,30.893833,4956
sphincs,753,24.372583,4956
sphincs,754,23.165125000000003,4956
sphincs,755,23.976999999999997,4956
sphincs,756,26.484125000000002,4956
sphincs,757,26.094666,4956
sphincs,758,20.518,4956
sphincs,759,25.104917,4956
sphincs,760,23.434,4956
sphincs,761,26.994416,4956
sphincs,762,22.312915999999998,4956
sphincs,763,26.842916000000002,4956
sphincs,764,25.970292,4956
sphincs,765,26.825374999999998,4956
sphincs,766,22.969791,4956
sphincs,767,21.561417,4956
sphincs,768,24.475209,4956
sphincs,769,30.267667000000003,4956
sphincs,770,20.507208,4956
sphincs,771,30.857375,4956
sphincs,772,28.966333,4956
sphincs,773,22.329625,4956
sphincs,774,19.36925,4956
sphincs,775,19.339292,4956
sphincs,776,20.889208999999997,4956
sphincs,777,23.524666,4956
sphincs,778,19.283167,4956
sphincs,779,26.297542,4956
sphincs,780,19.496084,4956
sphincs,781,28.676541,4956
sphincs,782,25.045792000000002,4956
sphincs,783,20.613792,4956
sphincs,784,26.874958,4956
sphincs,785,24.165958,4956
sphincs,786,31.545958,4956
sphincs,787,25.951792,4956
sphincs,788,21.608915999999997,4956
sphincs,789,22.826249999999998,4956
sphincs,790,19.768207999999998,4956
sphincs,791,23.793625,4956
sphincs,792,21.851667000000003,4956
sphincs,793,27.95825,4956
sphincs,794,29.356375,4956
sphincs,795,24.702292,4956
sphincs,796,23.291083,4956
sphincs,797,22.432125,4956
sphincs,798,20.084583,4956
sphincs,799,25.175542,4956
sphincs,800,25.437749999999998,4956
sphincs,801,25.621499999999997,4956
sphincs,802,22.664083,4956
sphincs,803,21.049833,4956
sphincs,804,25.63625,4956
sphincs,805,25.159999999999997,4956
sphincs,806,24.416083,4956
sphincs,807,23.923958,4956
sphincs,808,21.871083,4956
sphincs,809,28.621375,4956
sphincs,810,23.516375,4956
sphincs,811,20.970125,4956
sphincs,812,22.645417000000002,4956
sphincs,813,22.437042,4956
sphincs,814,21.221,4956
sphincs,815,25.410208,4956
sphincs,816,24.200333,4956
sphincs,817,24.840708,4956
sphincs,818,23.1105,4956
sphincs,819,19.403584000000002,4956
sphincs,820,22.117250000000002,4956
sphincs,821,22.723083000000003,4956
sphincs,822,23.456457999999998,4956
sphincs,823,20.823083,4956
sphincs,824,21.022333,4956
sphincs,825,18.962334000000002,4956
sphincs,826,20.227917,4956
sphincs,827,24.465083,4956
sphincs,828,23.18675,4956
sphincs,829,21.125874999999997,4956
sphincs,830,24.029999999999998,4956
sphincs,831,19.83925,4956
sphincs,832,31.447000000000003,4956
sphincs,833,20.293667000000003,4956
sphincs,834,27.178166,4956
sphincs,835,25.035416,4956
sphincs,836,28.731917,4956
sphincs,837,20.987333,4956
sphincs,838,19.790291,4956
sphincs,839,21.5255,4956
sphincs,840,22.536541,4956
sphincs,841,21.538249999999998,4956
sphincs,842,20.479667,4956
sphincs,843,24.418209,4956
sphincs,844,20.711334,4956
sphincs,845,20.303375,4956
sphincs,846,24.266917,4956
sphincs,847,22.277042,4956
sphincs,848,26.521167,4956
sphincs,849,20.488916,4956
sphincs,850,24.37775,4956
sphincs,851,21.5515,4956
sphincs,852,20.299583,4956
sphincs,853,20.999125,4956
sphincs,854,24.449209,4956
sphincs,855,25.901667,4956
sphincs,856,23.265625,4956
sphincs,857,23.442625000000003,4956
sphincs,858,25.964667,4956
sphincs,859,20.483999999999998,4956
sphincs,860,22.012207999999998,4956
sphincs,861,18.792791,4956
sphincs,862,23.697125,4956
sphincs,863,22.896832999999997,4956
sphincs,864,21.035959,4956
sphincs,865,20.819042,4956
sphincs,866,22.653291999999997,4956
sphincs,867,21.217125,4956
sphincs,868,27.087084,4956
sphincs,869,19.606584,4956
sphincs,870,23.579666,4956
sphincs,871,27.672792,4956
sphincs,872,23.396542,4956
sphincs,873,23.058540999999998,4956
sphincs,874,19.2835,4956
sphincs,875,25.005208,4956
sphincs,876,22.927792,4956
sphincs,877,22.327416999999997,4956
sphincs,878,25.923292,4956
sphincs,879,21.661792,4956
sphincs,880,20.166334000000003,4956
sphincs,881,20.369166,4956
sphincs,882,22.559167000000002,4956
sphincs,883,22.556917,4956
sphincs,884,20.143584,4956
sphincs,885,24.325291999999997,4956
sphincs,886,20.79475,4956
sphincs,887,21.725583999999998,4956
sphincs,888,22.448333,4956
sphincs,889,22.40175,4956
sphincs,890,30.868084,4956
sphincs,891,21.226625,4956
sphincs,892,22.523875,4956
sphincs,893,23.749584000000002,4956
sphincs,894,23.517667,4956
sphincs,895,19.561666,4956
sphincs,896,21.662417,4956
sphincs,897,23.121583,4956
sphincs,898,21.945249999999998,4956
sphincs,899,20.098292,4956
sphincs,900,22.494416,4956
sphincs,901,21.307958,4956
sphincs,902,22.716625,4956
sphincs,903,23.903040999999998,4956
sphincs,904,23.819291999999997,4956
sphincs,905,21.031291,4956
sphincs,906,23.9855,4956
sphincs,907,26.320542,4956
sphincs,908,21.670624999999998,4956
sphincs,909,23.794249999999998,4956
sphincs,910,21.375124999999997,4956
sphincs,911,24.703333,4956
sphincs,912,25.679875000000003,4956
sphincs,913,25.645584,4956
sphincs,914,18.954584,4956
sphincs,915,20.636417,4956
sphincs,916,20.646667,4956
sphincs,917,21.528583,4956
sphincs,918,24.389083,4956
sphincs,919,23.922083999999998,4956
sphincs,920,25.132041,4956
sphincs,921,22.4105,4956
sphincs,922,20.749208000000003,4956
sphincs,923,21.641958,4956
sphincs,924,21.537042,4956
sphincs,925,19.826290999999998,4956
sphincs,926,25.213084,4956
sphincs,927,18.478459,4956
sphincs,928,19.870915999999998,4956
sphincs,929,20.882709,4956
sphincs,930,22.245792,4956
sphincs,931,22.128875,4956
sphincs,932,28.119208,4956
sphincs,933,18.554792,4956
sphincs,934,25.059291,4956
sphincs,935,23.194958000000003,4956
sphincs,936,21.073541000000002,4956
sphincs,937,28.40075,4956
sphincs,938,21.56125,4956
sphincs,939,22.877249999999997,4956
sphincs,940,21.621125000000003,4956
sphincs,941,21.433708,4956
sphincs,942,20.051125,4956
sphincs,943,24.028208999999997,4956
sphincs,944,22.002000000000002,4956
sphincs,945,32.95975,4956
sphincs,946,22.513166000000002,4956
sphincs,947,26.725125,4956
sphincs,948,22.287709,4956
sphincs,949,23.006458000000002,4956
sphincs,950,21.536791,4956
sphincs,951,21.821041,4956
sphincs,952,22.999,4956
sphincs,953,21.209708,4956
sphincs,954,21.122083,4956
sphincs,955,25.483083999999998,4956
sphincs,956,25.799417000000002,4956
sphincs,957,19.501834,4956
sphincs,958,23.577125000000002,4956
sphincs,959,22.492291,4956
sphincs,960,24.928917,4956
sphincs,961,21.381541000000002,4956
sphincs,962,24.531625000000002,4956
sphincs,963,28.757250000000003,4956
sphincs,964,25.033791,4956
sphincs,965,30.095709,4956
sphincs,966,26.912833,4956
sphincs,967,21.521124999999998,4956
sphincs,968,19.949125000000002,4956
sphincs,969,21.344749999999998,4956
sphincs,970,20.334708,4956
sphincs,971,25.529125,4956
sphincs,972,21.083375,4956
sphincs,973,22.806167,4956
sphincs,974,21.319582999999998,4956
sphincs,975,32.083292,4956
sphincs,976,26.887334,4956
sphincs,977,22.259959,4956
sphincs,978,30.0205,4956
sphincs,979,25.15625,4956
sphincs,980,24.310624999999998,4956
sphincs,981,21.809749999999998,4956
sphincs,982,23.978209,4956
sphincs,983,22.065250000000002,4956
sphincs,984,23.794209,4956
sphincs,985,21.715999999999998,4956
sphincs,986,20.822457999999997,4956
sphincs,987,22.099416,4956
sphincs,988,20.841625,4956
sphincs,989,24.816166,4956
sphincs,990,25.023208,4956
sphincs,991,20.638959,4956
sphincs,992,22.458458,4956
sphincs,993,23.029375,4956
sphincs,994,24.727542000000003,4956
sphincs,995,20.166832999999997,4956
sphincs,996,22.378292000000002,4956
sphincs,997,21.139625,4956
sphincs,998,26.145084,4956
sphincs,999,20.790583,4956
sphincs,1000,21.216166,4956
sphincs,1001,23.684125,4956
sphincs,1002,23.965708,4956
sphincs,1003,28.159750000000003,4956
sphincs,1004,23.135165999999998,4956
sphincs,1005,21.127041,4956
sphincs,1006,20.218291999999998,4956
sphincs,1007,25.611208,4956
sphincs,1008,24.63025,4956
sphincs,1009,23.690040999999997,4956
sphincs,1010,20.244249999999997,4956
sphincs,1011,24.446458,4956
sphincs,1012,20.611,4956
sphincs,1013,25.179667,4956
sphincs,1014,25.092333,4956
sphincs,1015,21.671499999999998,4956
sphincs,1016,23.396250000000002,4956
sphincs,1017,22.11975,4956
sphincs,1018,21.075791,4956
sphincs,1019,22.532125,4956
sphincs,1020,21.508917,4956
sphincs,1021,28.519416999999997,4956
sphincs,1022,29.991332999999997,4956
sphincs,1023,24.142459000000002,4956
sphincs,1024,24.320958,4956
sphincs,1025,30.274292000000003,4956
sphincs,1026,20.507792000000002,4956
sphincs,1027,20.491333,4956
sphincs,1028,23.808125,4956
sphincs,1029,26.155624999999997,4956
sphincs,1030,22.703917,4956
sphincs,1031,27.543458,4956
sphincs,1032,31.845958,4956
sphincs,1033,21.682582999999997,4956
sphincs,1034,22.899834000000002,4956
sphincs,1035,28.398916,4956
sphincs,1036,21.207625,4956
sphincs,1037,23.194209,4956
sphincs,1038,23.592667000000002,4956
sphincs,1039,20.420625,4956
sphincs,1040,21.679333,4956
sphincs,1041,23.513375,4956
sphincs,1042,26.255584,4956
sphincs,1043,20.037292,4956
sphincs,1044,22.917042,4956
sphincs,1045,23.061583,4956
sphincs,1046,21.558584,4956
sphincs,1047,24.347458999999997,4956
sphincs,1048,22.016292,4956
sphincs,1049,22.366708,4956
sphincs,1050,21.053375,4956
sphincs,1051,20.081208,4956
sphincs,1052,25.941833000000003,4956
sphincs,1053,21.143458,4956
sphincs,1054,23.622375,4956
sphincs,1055,20.078625,4956
sphincs,1056,19.6005,4956
sphincs,1057,22.032666,4956
sphincs,1058,22.285,4956
sphincs,1059,22.965333,4956
sphincs,1060,21.779041,4956
sphincs,1061,22.965083,4956
sphincs,1062,21.849125,4956
sphincs,1063,24.933875,4956
sphincs,1064,25.327333,4956
sphincs,1065,20.351875,4956
sphincs,1066,27.222,4956
sphincs,1067,22.829041,4956
sphincs,1068,28.814166,4956
sphincs,1069,31.737333,4956
sphincs,1070,23.826375,4956
sphincs,1071,22.313792,4956
sphincs,1072,21.392792,4956
sphincs,1073,24.478,4956
sphincs,1074,25.50575,4956
sphincs,1075,32.251875,4956
sphincs,1076,22.430125,4956
sphincs,1077,20.297542,4956
sphincs,1078,19.321749999999998,4956
sphincs,1079,23.15775,4956
sphincs,1080,25.423666,4956
sphincs,1081,22.572667000000003,4956
sphincs,1082,19.622083,4956
sphincs,1083,19.508708,4956
sphincs,1084,22.674125,4956
sphincs,1085,23.937167,4956
sphincs,1086,21.244958,4956
sphincs,1087,23.238792,4956
sphincs,1088,22.174958,4956
sphincs,1089,21.50525,4956
sphincs,1090,22.6705,4956
sphincs,1091,21.932667,4956
sphincs,1092,24.11475,4956
sphincs,1093,19.254417,4956
sphincs,1094,21.055332999999997,4956
sphincs,1095,22.432084,4956
sphincs,1096,22.763082999999998,4956
sphincs,1097,20.414583,4956
sphincs,1098,23.550207999999998,4956
sphincs,1099,18.512209000000002,4956
sphincs,1100,21.954958,4956
sphincs,1101,21.789334,4956
sphincs,1102,25.012125,4956
sphincs,1103,22.663290999999997,4956
sphincs,1104,29.258125,4956
sphincs,1105,20.790458,4956
sphincs,1106,22.058,4956
sphincs,1107,27.717916,4956
sphincs,1108,24.800333000000002,4956
sphincs,1109,23.15825,4956
sphincs,1110,21.238875,4956
sphincs,1111,27.806292,4956
sphincs,1112,25.313415999999997,4956
sphincs,1113,21.621333,4956
sphincs,1114,25.780041999999998,4956
sphincs,1115,21.350458,4956
sphincs,1116,26.082917000000002,4956
sphincs,1117,23.406458,4956
sphincs,1118,24.927457999999998,4956
sphincs,1119,27.156958,4956
sphincs,1120,29.710584,4956
sphincs,1121,19.427625,4956
sphincs,1122,27.376916,4956
sphincs,1123,23.71125,4956
sphincs,1124,23.66725,4956
sphincs,1125,23.192417,4956
sphincs,1126,22.11975,4956
sphincs,1127,21.716708,4956
sphincs,1128,20.064583,4956
sphincs,1129,20.584666000000002,4956
sphincs,1130,24.712166,4956
sphincs,1131,23.603208000000002,4956
sphincs,1132,20.525334,4956
sphincs,1133,35.617416999999996,4956
sphincs,1134,21.590249999999997,4956
sphincs,1135,22.569833000000003,4956
sphincs,1136,25.359959,4956
sphincs,1137,30.676417,4956
sphincs,1138,24.077417,4956
sphincs,1139,25.479083,4956
sphincs,1140,22.253083,4956
sphincs,1141,23.084625000000003,4956
sphincs,1142,22.382708,4956
sphincs,1143,19.687584,4956
sphincs,1144,21.134334000000003,4956
sphincs,1145,27.021832999999997,4956
sphincs,1146,21.101125,4956
sphincs,1147,24.369625,4956
sphincs,1148,21.923167,4956
sphincs,1149,23.627125,4956
sphincs,1150,21.284042,4956
sphincs,1151,21.368042,4956
sphincs,1152,22.856125000000002,4956
sphincs,1153,29.735541,4956
sphincs,1154,21.032792,4956
sphincs,1155,23.490666,4956
sphincs,1156,28.399792,4956
sphincs,1157,28.930208,4956
sphincs,1158,22.406458,4956
sphincs,1159,28.3185,4956
sphincs,1160,20.787333,4956
sphincs,1161,20.861167,4956
sphincs,1162,24.324542,4956
sphincs,1163,25.913583,4956
sphincs,1164,20.272,4956
sphincs,1165,29.500999999999998,4956
sphincs,1166,25.13025,4956
sphincs,1167,26.101333,4956
sphincs,1168,19.522291,4956
sphincs,1169,21.396458,4956
sphincs,1170,21.185,4956
sphincs,1171,20.895584,4956
sphincs,1172,21.921667,4956
sphincs,1173,23.602292000000002,4956
sphincs,1174,21.09025,4956
sphincs,1175,18.509291,4956
sphincs,1176,21.182375,4956
sphincs,1177,24.489666,4956
sphincs,1178,20.290292,4956
sphincs,1179,22.495458,4956
sphincs,1180,20.249083000000002,4956
sphincs,1181,22.996125,4956
sphincs,1182,22.889916,4956
sphincs,1183,21.122084,4956
sphincs,1184,20.845625,4956
sphincs,1185,22.096833,4956
sphincs,1186,21.848083,4956
sphincs,1187,21.189916999999998,4956
sphincs,1188,23.71975,4956
sphincs,1189,26.06775,4956
sphincs,1190,23.607458,4956
sphincs,1191,27.274708,4956
sphincs,1192,27.131834,4956
sphincs,1193,22.736791999999998,4956
sphincs,1194,22.967167,4956
sphincs,1195,22.493375,4956
sphincs,1196,23.309,4956
sphincs,1197,25.119542000000003,4956
sphincs,1198,23.816042,4956
sphincs,1199,23.332792,4956
sphincs,1200,24.189084,4956
sphincs,1201,22.048125,4956
sphincs,1202,24.857292,4956
sphincs,1203,23.512249999999998,4956
sphincs,1204,23.598750000000003,4956
sphincs,1205,21.204084,4956
sphincs,1206,25.262334,4956
sphincs,1207,23.428,4956
sphincs,1208,27.501416,4956
sphincs,1209,28.5595,4956
sphincs,1210,20.096125,4956
sphincs,1211,28.452917000000003,4956
sphincs,1212,22.096667,4956
sphincs,1213,22.114375,4956
sphincs,1214,22.37925,4956
sphincs,1215,20.626790999999997,4956
sphincs,1216,19.995416,4956
sphincs,1217,28.41675,4956
sphincs,1218,22.716625,4956
sphincs,1219,24.65775,4956
sphincs,1220,26.791625,4956
sphincs,1221,23.486459,4956
sphincs,1222,24.777458,4956
sphincs,1223,21.426042,4956
sphincs,1224,20.163375000000002,4956
sphincs,1225,27.315208000000002,4956
sphincs,1226,20.781292,4956
sphincs,1227,24.213375,4956
sphincs,1228,20.191625000000002,4956
sphincs,1229,29.935083000000002,4956
sphincs,1230,23.710708,4956
sphincs,1231,24.415,4956
sphincs,1232,21.750124999999997,4956
sphincs,1233,24.993708,4956
sphincs,1234,22.1415,4956
sphincs,1235,21.141875000000002,4956
sphincs,1236,29.116125,4956
sphincs,1237,25.410416,4956
sphincs,1238,21.948458000000002,4956
sphincs,1239,27.736167,4956
sphincs,1240,20.280167000000002,4956
sphincs,1241,20.150208,4956
sphincs,1242,22.631124999999997,4956
sphincs,1243,21.376541999999997,4956
sphincs,1244,20.497708,4956
sphincs,1245,25.106292,4956
sphincs,1246,24.650541,4956
sphincs,1247,28.617875,4956
sphincs,1248,20.943208000000002,4956
sphincs,1249,26.248542,4956
sphincs,1250,29.852708,4956
sphincs,1251,22.318749999999998,4956
sphincs,1252,21.74675,4956
sphincs,1253,21.565334,4956
sphincs,1254,25.950792,4956
sphincs,1255,21.121000000000002,4956
sphincs,1256,24.438667000000002,4956
sphincs,1257,23.25575,4956
sphincs,1258,23.861708,4956
sphincs,1259,23.655208000000002,4956
sphincs,1260,28.739458,4956
sphincs,1261,22.935042,4956
sphincs,1262,22.59925,4956
sphincs,1263,20.832791,4956
sphincs,1264,24.016916,4956
sphincs,1265,20.637791999999997,4956
sphincs,1266,26.854291,4956
sphincs,1267,20.337667,4956
sphincs,1268,20.441292,4956
sphincs,1269,19.991249999999997,4956
sphincs,1270,21.447792,4956
sphincs,1271,23.243875,4956
sphincs,1272,27.678583,4956
sphincs,1273,22.329209,4956
sphincs,1274,27.356833,4956
sphincs,1275,22.07725,4956
sphincs,1276,20.79125,4956
sphincs,1277,23.470875,4956
sphincs,1278,21.27975,4956
sphincs,1279,22.115917,4956
sphincs,1280,24.934624999999997,4956
sphincs,1281,23.456791000000003,4956
sphincs,1282,24.061125,4956
sphincs,1283,19.690417,4956
sphincs,1284,24.27825,4956
sphincs,1285,22.128458,4956
sphincs,1286,22.822333,4956
sphincs,1287,27.088792,4956
sphincs,1288,28.045417,4956
sphincs,1289,28.006458000000002,4956
sphincs,1290,25.776125,4956
sphincs,1291,22.055875,4956
sphincs,1292,20.667542,4956
sphincs,1293,29.232625000000002,4956
sphincs,1294,20.83775,4956
sphincs,1295,22.605667,4956
sphincs,1296,20.373166,4956
sphincs,1297,28.223333999999998,4956
sphincs,1298,25.03325,4956
sphincs,1299,20.671667000000003,4956
sphincs,1300,24.918042,4956
sphincs,1301,23.180542,4956
sphincs,1302,22.196459,4956
sphincs,1303,22.066542000000002,4956
sphincs,1304,22.677,4956
sphincs,1305,19.368625,4956
sphincs,1306,21.149541,4956
sphincs,1307,27.821375,4956
sphincs,1308,21.461916000000002,4956
sphincs,1309,28.795334,4956
sphincs,1310,24.928208,4956
sphincs,1311,20.793625,4956
sphincs,1312,25.585957999999998,4956
sphincs,1313,20.186542,4956
sphincs,1314,22.209540999999998,4956
sphincs,1315,22.96875,4956
sphincs,1316,26.37,4956
sphincs,1317,26.978334,4956
sphincs,1318,26.209208,4956
sphincs,1319,20.277791999999998,4956
sphincs,1320,27.424666000000002,4956
sphincs,1321,26.94325,4956
sphincs,1322,21.312292,4956
sphincs,1323,21.509833999999998,4956
sphincs,1324,26.891083,4956
sphincs,1325,28.247541000000002,4956
sphincs,1326,19.665125,4956
sphincs,1327,21.172625,4956
sphincs,1328,23.744667,4956
sphincs,1329,28.324708,4956
sphincs,1330,24.416292,4956
sphincs,1331,20.468334000000002,4956
sphincs,1332,22.337167,4956
sphincs,1333,22.813666,4956
sphincs,1334,23.896125,4956
sphincs,1335,27.616709,4956
sphincs,1336,21.716333000000002,4956
sphincs,1337,24.449667,4956
sphincs,1338,19.093833,4956
sphincs,1339,31.227999999999998,4956
sphincs,1340,21.341583,4956
sphincs,1341,21.897750000000002,4956
sphincs,1342,24.060125000000003,4956
sphincs,1343,22.069417,4956
sphincs,1344,24.199875,4956
sphincs,1345,27.879749999999998,4956
sphincs,1346,21.788292000000002,4956
sphincs,1347,23.253542,4956
sphincs,1348,25.252833,4956
sphincs,1349,25.881792,4956
sphincs,1350,20.789167,4956
sphincs,1351,24.1395,4956
sphincs,1352,26.165291,4956
sphincs,1353,29.212792,4956
sphincs,1354,22.424166999999997,4956
sphincs,1355,21.676542,4956
sphincs,1356,19.814915999999997,4956
sphincs,1357,19.623459,4956
sphincs,1358,21.240167,4956
sphincs,1359,27.236041,4956
sphincs,1360,24.014708,4956
sphincs,1361,23.964125,4956
sphincs,1362,23.032042,4956
sphincs,1363,25.511334,4956
sphincs,1364,23.970125,4956
sphincs,1365,20.705834,4956
sphincs,1366,23.497166,4956
sphincs,1367,23.416375,4956
sphincs,1368,23.171332999999997,4956
sphincs,1369,20.402667,4956
sphincs,1370,23.269666,4956
sphincs,1371,31.255249999999997,4956
sphincs,1372,20.12275,4956
sphincs,1373,22.664832999999998,4956
sphincs,1374,21.645083999999997,4956
sphincs,1375,32.563375,4956
sphincs,1376,21.445583,4956
sphincs,1377,23.145290999999997,4956
sphincs,1378,22.153958000000003,4956
sphincs,1379,23.123250000000002,4956
sphincs,1380,24.601917,4956
sphincs,1381,25.040375,4956
sphincs,1382,23.5305,4956
sphincs,1383,28.331917,4956
sphincs,1384,23.169625,4956
sphincs,1385,23.139708,4956
sphincs,1386,29.779333,4956
sphincs,1387,32.696375,4956
sphincs,1388,19.965457999999998,4956
sphincs,1389,23.95175,4956
sphincs,1390,24.558959,4956
sphincs,1391,24.351582999999998,4956
sphincs,1392,29.436667,4956
sphincs,1393,21.611333,4956
sphincs,1394,19.887667,4956
sphincs,1395,19.563457999999997,4956
sphincs,1396,21.115584,4956
sphincs,1397,23.130542000000002,4956
sphincs,1398,19.705625,4956
sphincs,1399,22.773417000000002,4956
sphincs,1400,22.085833,4956
sphincs,1401,23.029833,4956
sphincs,1402,20.21425,4956
sphincs,1403,23.185792,4956
sphincs,1404,21.855791999999997,4956
sphincs,1405,25.044833,4956
sphincs,1406,25.924833,4956
sphincs,1407,21.332125,4956
sphincs,1408,20.59125,4956
sphincs,1409,27.41025,4956
sphincs,1410,33.928958,4956
sphincs,1411,19.79475,4956
sphincs,1412,21.486208,4956
sphincs,1413,27.163166,4956
sphincs,1414,23.069375,4956
sphincs,1415,25.114125,4956
sphincs,1416,23.919290999999998,4956
sphincs,1417,25.907792,4956
sphincs,1418,22.768209000000002,4956
sphincs,1419,25.511875,4956
sphincs,1420,22.115416999999997,4956
sphincs,1421,20.652957999999998,4956
sphincs,1422,21.237334,4956
sphincs,1423,20.270459000000002,4956
sphincs,1424,19.445417,4956
sphincs,1425,27.043459,4956
sphincs,1426,21.481,4956
sphincs,1427,22.976958,4956
sphincs,1428,20.014708,4956
sphincs,1429,19.629666,4956
sphincs,1430,30.339042,4956
sphincs,1431,22.5955,4956
sphincs,1432,31.312208000000002,4956
sphincs,1433,22.316834,4956
sphincs,1434,23.474458,4956
sphincs,1435,28.320542,4956
sphincs,1436,21.040625,4956
sphincs,1437,32.206792,4956
sphincs,1438,22.184041,4956
sphincs,1439,26.032459,4956
sphincs,1440,23.73,4956
sphincs,1441,20.818167,4956
sphincs,1442,21.436166999999998,4956
sphincs,1443,19.696082999999998,4956
sphincs,1444,25.161583,4956
sphincs,1445,24.138625,4956
sphincs,1446,23.996707999999998,4956
sphincs,1447,27.120459,4956
sphincs,1448,29.130834,4956
sphincs,1449,25.478832999999998,4956
sphincs,1450,23.50225,4956
sphincs,1451,26.162292,4956
sphincs,1452,22.343,4956
sphincs,1453,23.761999999999997,4956
sphincs,1454,27.263375,4956
sphincs,1455,29.756542,4956
sphincs,1456,22.594042,4956
sphincs,1457,24.055042,4956
sphincs,1458,27.2625,4956
sphincs,1459,25.49575,4956
sphincs,1460,23.806375000000003,4956
sphincs,1461,24.615833,4956
sphincs,1462,25.296667,4956
sphincs,1463,24.597291000000002,4956
sphincs,1464,28.651625,4956
sphincs,1465,25.006500000000003,4956
sphincs,1466,19.95125,4956
sphincs,1467,24.9475,4956
sphincs,1468,30.848125,4956
sphincs,1469,19.579959000000002,4956
sphincs,1470,24.380792,4956
sphincs,1471,25.470916,4956
sphincs,1472,20.523540999999998,4956
sphincs,1473,21.147916,4956
sphincs,1474,24.256708,4956
sphincs,1475,23.316167,4956
sphincs,1476,19.825958,4956
sphincs,1477,22.610292,4956
sphincs,1478,24.063291,4956
sphincs,1479,19.905375,4956
sphincs,1480,23.540166000000003,4956
sphincs,1481,25.774792,4956
sphincs,1482,19.3605,4956
sphincs,1483,28.734625,4956
sphincs,1484,27.261708,4956
sphincs,1485,20.733125,4956
sphincs,1486,24.308875,4956
sphincs,1487,27.317166,4956
sphincs,1488,23.47225,4956
sphincs,1489,30.481042,4956
sphincs,1490,23.494083999999997,4956
sphincs,1491,22.047,4956
sphincs,1492,22.03625,4956
sphincs,1493,20.234042000000002,4956
sphincs,1494,23.716082999999998,4956
sphincs,1495,24.223625,4956
sphincs,1496,23.393250000000002,4956
sphincs,1497,28.232917,4956
sphincs,1498,33.070083,4956
sphincs,1499,21.576083999999998,4956
sphincs,1500,28.413542,4956
sphincs,1501,25.982542000000002,4956
sphincs,1502,24.21025,4956
sphincs,1503,22.823459,4956
sphincs,1504,21.687542,4956
sphincs,1505,29.231042,4956
sphincs,1506,19.996584000000002,4956
sphincs,1507,24.656667,4956
sphincs,1508,20.998167000000002,4956
sphincs,1509,21.089291,4956
sphincs,1510,19.960124999999998,4956
sphincs,1511,21.114708999999998,4956
sphincs,1512,23.70525,4956
sphincs,1513,19.696209,4956
sphincs,1514,25.863875,4956
sphincs,1515,20.728582999999997,4956
sphincs,1516,19.099292000000002,4956
sphincs,1517,23.364958,4956
sphincs,1518,21.991625,4956
sphincs,1519,19.624917,4956
sphincs,1520,22.562875,4956
sphincs,1521,26.223291999999997,4956
sphincs,1522,22.070417,4956
sphincs,1523,24.457458000000003,4956
sphincs,1524,23.140375000000002,4956
sphincs,1525,22.923959,4956
sphincs,1526,24.777832999999998,4956
sphincs,1527,27.839790999999998,4956
sphincs,1528,20.711833,4956
sphincs,1529,24.782417000000002,4956
sphincs,1530,21.122167,4956
sphincs,1531,21.567166,4956
sphincs,1532,23.679790999999998,4956
sphincs,1533,22.233125,4956
sphincs,1534,27.187209,4956
sphincs,1535,24.735375,4956
sphincs,1536,22.774709,4956
sphincs,1537,23.713584,4956
sphincs,1538,31.222083,4956
sphincs,1539,22.964667000000002,4956
sphincs,1540,23.138625,4956
sphincs,1541,22.286792,4956
sphincs,1542,28.902917,4956
sphincs,1543,24.366958,4956
sphincs,1544,23.912625,4956
sphincs,1545,22.116958,4956
sphincs,1546,29.781458999999998,4956
sphincs,1547,21.22875,4956
sphincs,1548,22.100542,4956
sphincs,1549,21.48275,4956
sphincs,1550,18.394083,4956
sphincs,1551,23.587459000000003,4956
sphincs,1552,21.568583,4956
sphincs,1553,21.440792000000002,4956
sphincs,1554,19.618167,4956
sphincs,1555,24.639542,4956
sphincs,1556,24.600458,4956
sphincs,1557,22.588125,4956
sphincs,1558,23.887124999999997,4956
sphincs,1559,19.863208,4956
sphincs,1560,21.495875,4956
sphincs,1561,19.220875,4956
sphincs,1562,22.256375,4956
sphincs,1563,20.853916,4956
sphincs,1564,23.552417,4956
sphincs,1565,27.959875,4956
sphincs,1566,26.188959,4956
sphincs,1567,27.063750000000002,4956
sphincs,1568,19.301542,4956
sphincs,1569,23.907292,4956
sphincs,1570,22.468958,4956
sphincs,1571,24.2745,4956
sphincs,1572,22.494166,4956
sphincs,1573,25.3795,4956
sphincs,1574,21.095292,4956
sphincs,1575,22.4905,4956
sphincs,1576,21.48425,4956
sphincs,1577,22.756999999999998,4956
sphincs,1578,21.176333,4956
sphincs,1579,25.637041,4956
sphincs,1580,23.039167,4956
sphincs,1581,27.093292,4956
sphincs,1582,35.099540999999995,4956
sphincs,1583,23.112167,4956
sphincs,1584,23.325499999999998,4956
sphincs,1585,23.75325,4956
sphincs,1586,23.180833,4956
sphincs,1587,23.531375,4956
sphincs,1588,26.852125,4956
sphincs,1589,29.570292000000002,4956
sphincs,1590,21.234458,4956
sphincs,1591,21.269291,4956
sphincs,1592,24.444292,4956
sphincs,1593,22.764708000000002,4956
sphincs,1594,19.7945,4956
sphincs,1595,19.293582999999998,4956
sphincs,1596,25.34575,4956
sphincs,1597,28.254917000000003,4956
sphincs,1598,19.000833,4956
sphincs,1599,24.831374999999998,4956
sphincs,1600,23.50075,4956
sphincs,1601,22.036292,4956
sphincs,1602,28.995542,4956
sphincs,1603,20.426,4956
sphincs,1604,21.559334,4956
sphincs,1605,21.472042000000002,4956
sphincs,1606,22.638167,4956
sphincs,1607,28.326,4956
sphincs,1608,21.73725,4956
sphincs,1609,20.335208,4956
sphincs,1610,31.505167,4956
sphincs,1611,22.772458,4956
sphincs,1612,23.375541,4956
sphincs,1613,19.460709,4956
sphincs,1614,21.787041,4956
sphincs,1615,19.702166000000002,4956
sphincs,1616,25.062041999999998,4956
sphincs,1617,26.841458,4956
sphincs,1618,24.114832999999997,4956
sphincs,1619,23.51125,4956
sphincs,1620,20.108792,4956
sphincs,1621,24.336125,4956
sphincs,1622,24.417875,4956
sphincs,1623,25.775166,4956
sphincs,1624,21.915582999999998,4956
sphincs,1625,21.61275,4956
sphincs,1626,24.394167000000003,4956
sphincs,1627,24.53925,4956
sphincs,1628,22.776500000000002,4956
sphincs,1629,24.380499999999998,4956
sphincs,1630,22.997,4956
sphincs,1631,25.869291999999998,4956
sphincs,1632,20.443333000000003,4956
sphincs,1633,23.37275,4956
sphincs,1634,22.1005,4956
sphincs,1635,25.184375,4956
sphincs,1636,21.968583,4956
sphincs,1637,21.511042,4956
sphincs,1638,23.00175,4956
sphincs,1639,19.708,4956
sphincs,1640,22.930833,4956
sphincs,1641,25.615084,4956
sphincs,1642,25.941375,4956
sphincs,1643,25.189084,4956
sphincs,1644,21.664541999999997,4956
sphincs,1645,20.37525,4956
sphincs,1646,25.223584,4956
sphincs,1647,22.990875000000003,4956
sphincs,1648,22.789958,4956
sphincs,1649,22.973416999999998,4956
sphincs,1650,22.305333,4956
sphincs,1651,21.621041,4956
sphincs,1652,22.869916,4956
sphincs,1653,24.440375,4956
sphincs,1654,24.471832999999997,4956
sphincs,1655,20.560292,4956
sphincs,1656,20.903834,4956
sphincs,1657,22.82225,4956
sphincs,1658,20.738625,4956
sphincs,1659,24.287708000000002,4956
sphincs,1660,24.646083,4956
sphincs,1661,21.18775,4956
sphincs,1662,21.507084,4956
sphincs,1663,30.737917,4956
sphincs,1664,24.052875,4956
sphincs,1665,25.123917,4956
sphincs,1666,22.552625,4956
sphincs,1667,27.847832999999998,4956
sphincs,1668,22.329458,4956
sphincs,1669,22.164083,4956
sphincs,1670,24.13125,4956
sphincs,1671,21.572582999999998,4956
sphincs,1672,21.642333,4956
sphincs,1673,22.034625,4956
sphincs,1674,31.65675,4956
sphincs,1675,23.226958,4956
sphincs,1676,23.450833,4956
sphincs,1677,29.777749999999997,4956
sphincs,1678,23.9955,4956
sphincs,1679,22.471167,4956
sphincs,1680,22.455292,4956
sphincs,1681,23.329167,4956
sphincs,1682,25.698458,4956
sphincs,1683,23.186083,4956
sphincs,1684,23.517166,4956
sphincs,1685,22.395083,4956
sphincs,1686,27.565208000000002,4956
sphincs,1687,25.85175,4956
sphincs,1688,20.676875000000003,4956
sphincs,1689,23.019042,4956
sphincs,1690,21.341583,4956
sphincs,1691,20.732416999999998,4956
sphincs,1692,21.349459,4956
sphincs,1693,18.101291,4956
sphincs,1694,24.4465,4956
sphincs,1695,22.892125,4956
sphincs,1696,26.138084,4956
sphincs,1697,28.972833,4956
sphincs,1698,20.164208,4956
sphincs,1699,24.025667000000002,4956
sphincs,1700,22.224166999999998,4956
sphincs,1701,22.827167,4956
sphincs,1702,21.956500000000002,4956
sphincs,1703,25.996791,4956
sphincs,1704,24.030541999999997,4956
sphincs,1705,29.004709,4956
sphincs,1706,23.952916000000002,4956
sphincs,1707,20.355708,4956
sphincs,1708,22.3105,4956
sphincs,1709,25.967958,4956
sphincs,1710,21.917208000000002,4956
sphincs,1711,25.337625,4956
sphincs,1712,27.938791000000002,4956
sphincs,1713,26.289165999999998,4956
sphincs,1714,20.923042,4956
sphincs,1715,25.648583,4956
sphincs,1716,27.535833,4956
sphincs,1717,23.1135,4956
sphincs,1718,20.175417,4956
sphincs,1719,22.544917,4956
sphincs,1720,23.027458,4956
sphincs,1721,25.341458,4956
sphincs,1722,22.332541000000003,4956
sphincs,1723,19.564334,4956
sphincs,1724,21.563167,4956
sphincs,1725,20.752416999999998,4956
sphincs,1726,24.591792,4956
sphincs,1727,20.920084,4956
sphincs,1728,26.398167,4956
sphincs,1729,21.938833000000002,4956
sphincs,1730,23.806417,4956
sphincs,1731,20.917917000000003,4956
sphincs,1732,21.834791,4956
sphincs,1733,22.773834,4956
sphincs,1734,22.561791,4956
sphincs,1735,22.335583999999997,4956
sphincs,1736,26.266417,4956
sphincs,1737,27.228833,4956
sphincs,1738,19.927958,4956
sphincs,1739,28.293083,4956
sphincs,1740,22.958084,4956
sphincs,1741,21.167375,4956
sphincs,1742,24.210834000000002,4956
sphincs,1743,22.083291000000003,4956
sphincs,1744,22.672792,4956
sphincs,1745,26.080083000000002,4956
sphincs,1746,21.677875,4956
sphincs,1747,21.308084,4956
sphincs,1748,25.901332999999997,4956
sphincs,1749,26.406167,4956
sphincs,1750,24.488,4956
sphincs,1751,21.662917,4956
sphincs,1752,29.994125,4956
sphincs,1753,22.740458,4956
sphincs,1754,22.802084,4956
sphincs,1755,27.761750000000003,4956
sphincs,1756,25.555208,4956
sphincs,1757,24.030292000000003,4956
sphincs,1758,20.370459,4956
sphincs,1759,21.727458000000002,4956
sphincs,1760,23.029416,4956
sphincs,1761,24.966542,4956
sphincs,1762,27.087500000000002,4956
sphincs,1763,21.589958,4956
sphincs,1764,21.589000000000002,4956
sphincs,1765,22.691709,4956
sphincs,1766,19.827709,4956
sphincs,1767,25.645625,4956
sphincs,1768,23.715708,4956
sphincs,1769,21.3375,4956
sphincs,1770,21.527874999999998,4956
sphincs,1771,21.04,4956
sphincs,1772,23.902041999999998,4956
sphincs,1773,23.454333000000002,4956
sphincs,1774,26.672458,4956
sphincs,1775,21.712875,4956
sphincs,1776,21.5685,4956
sphincs,1777,27.014958,4956
sphincs,1778,21.782916999999998,4956
sphincs,1779,25.151916,4956
sphincs,1780,20.565834000000002,4956
sphincs,1781,23.586708,4956
sphincs,1782,19.371541999999998,4956
sphincs,1783,18.961125,4956
sphincs,1784,25.082957999999998,4956
sphincs,1785,22.964708,4956
sphincs,1786,26.240042000000003,4956
sphincs,1787,19.460625,4956
sphincs,1788,30.99725,4956
sphincs,1789,20.511167,4956
sphincs,1790,25.936207999999997,4956
sphincs,1791,25.232416,4956
sphincs,1792,22.805167,4956
sphincs,1793,21.393124999999998,4956
sphincs,1794,22.723625000000002,4956
sphincs,1795,25.594790999999997,4956
sphincs,1796,20.200542,4956
sphincs,1797,27.258375,4956
sphincs,1798,25.245458,4956
sphincs,1799,21.363958,4956
sphincs,1800,23.648875,4956
sphincs,1801,29.910249999999998,4956
sphincs,1802,23.061915999999997,4956
sphincs,1803,26.95975,4956
sphincs,1804,20.494458,4956
sphincs,1805,28.549667,4956
sphincs,1806,20.679416,4956
sphincs,1807,23.05675,4956
sphincs,1808,23.332958,4956
sphincs,1809,20.555625000000003,4956
sphincs,1810,23.040583,4956
sphincs,1811,26.662042,4956
sphincs,1812,21.026584,4956
sphincs,1813,31.254292000000003,4956
sphincs,1814,19.899125,4956
sphincs,1815,23.427375,4956
sphincs,1816,20.984083000000002,4956
sphincs,1817,21.270209,4956
sphincs,1818,21.913792,4956
sphincs,1819,23.625125,4956
sphincs,1820,21.476625,4956
sphincs,1821,26.734,4956
sphincs,1822,18.917791,4956
sphincs,1823,26.085084000000002,4956
sphincs,1824,26.123125,4956
sphincs,1825,29.622125,4956
sphincs,1826,21.137875,4956
sphincs,1827,22.308791000000003,4956
sphincs,1828,27.656917,4956
sphincs,1829,36.123542,4956
sphincs,1830,22.92675,4956
sphincs,1831,27.728125,4956
sphincs,1832,23.457625,4956
sphincs,1833,24.041458000000002,4956
sphincs,1834,22.176833,4956
sphincs,1835,22.691958000000003,4956
sphincs,1836,22.569667000000003,4956
sphincs,1837,23.193333,4956
sphincs,1838,19.63175,4956
sphincs,1839,22.7455,4956
sphincs,1840,26.36725,4956
sphincs,1841,22.689958,4956
sphincs,1842,26.069458,4956
sphincs,1843,33.697291,4956
sphincs,1844,22.827666999999998,4956
sphincs,1845,20.3115,4956
sphincs,1846,24.521333,4956
sphincs,1847,20.292791,4956
sphincs,1848,23.260791,4956
sphincs,1849,20.994333,4956
sphincs,1850,24.171792,4956
sphincs,1851,22.471042,4956
sphincs,1852,21.927958,4956
sphincs,1853,22.11675,4956
sphincs,1854,25.470125,4956
sphincs,1855,22.309333000000002,4956
sphincs,1856,22.362667,4956
sphincs,1857,22.854083,4956
sphincs,1858,22.970959,4956
sphincs,1859,30.744,4956
sphincs,1860,28.267332999999997,4956
sphincs,1861,22.037375,4956
sphincs,1862,19.949499999999997,4956
sphincs,1863,23.279042,4956
sphincs,1864,24.634709,4956
sphincs,1865,23.137208,4956
sphincs,1866,19.572083,4956
sphincs,1867,23.146209000000002,4956
sphincs,1868,34.348167,4956
sphincs,1869,24.466667,4956
sphincs,1870,19.647875,4956
sphincs,1871,22.483375,4956
sphincs,1872,19.575125,4956
sphincs,1873,20.355708,4956
sphincs,1874,24.736375000000002,4956
sphincs,1875,20.205083,4956
sphincs,1876,20.598542000000002,4956
sphincs,1877,23.910875,4956
sphincs,1878,23.054917,4956
sphincs,1879,20.483375000000002,4956
sphincs,1880,19.446375,4956
sphincs,1881,20.745416,4956
sphincs,1882,23.620666,4956
sphincs,1883,22.726583,4956
sphincs,1884,23.006333,4956
sphincs,1885,24.584917,4956
sphincs,1886,30.389833000000003,4956
sphincs,1887,21.54125,4956
sphincs,1888,36.133875,4956
sphincs,1889,23.716874999999998,4956
sphincs,1890,23.944792,4956
sphincs,1891,23.345917,4956
sphincs,1892,22.578,4956
sphincs,1893,21.798125000000002,4956
sphincs,1894,27.638459,4956
sphincs,1895,24.105833,4956
sphincs,1896,21.378332999999998,4956
sphincs,1897,21.233124999999998,4956
sphincs,1898,23.016375,4956
sphincs,1899,22.514459000000002,4956
sphincs,1900,26.584583,4956
sphincs,1901,24.581208,4956
sphincs,1902,21.191083,4956
sphincs,1903,23.750459000000003,4956
sphincs,1904,19.769917000000003,4956
sphincs,1905,21.055875,4956
sphincs,1906,21.396041,4956
sphincs,1907,28.719292,4956
sphincs,1908,22.378042,4956
sphincs,1909,20.247292,4956
sphincs,1910,22.649167000000002,4956
sphincs,1911,22.440458,4956
sphincs,1912,21.962709,4956
sphincs,1913,24.269,4956
sphincs,1914,25.292583,4956
sphincs,1915,20.030375,4956
sphincs,1916,21.600749999999998,4956
sphincs,1917,19.887667,4956
sphincs,1918,26.510959,4956
sphincs,1919,31.302792000000004,4956
sphincs,1920,28.278542,4956
sphincs,1921,22.5705,4956
sphincs,1922,24.133499999999998,4956
sphincs,1923,21.575666000000002,4956
sphincs,1924,23.738792,4956
sphincs,1925,22.803832999999997,4956
sphincs,1926,20.780292,4956
sphincs,1927,26.929791,4956
sphincs,1928,21.431667,4956
sphincs,1929,19.947875,4956
sphincs,1930,20.188709,4956
sphincs,1931,22.974292000000002,4956
sphincs,1932,24.184875,4956
sphincs,1933,21.800917,4956
sphincs,1934,23.0075,4956
sphincs,1935,25.117,4956
sphincs,1936,22.746292,4956
sphincs,1937,25.246292,4956
sphincs,1938,21.769958,4956
sphincs,1939,28.94275,4956
sphincs,1940,24.963458,4956
sphincs,1941,24.320833,4956
sphincs,1942,22.142542000000002,4956
sphincs,1943,22.703416,4956
sphincs,1944,22.570333,4956
sphincs,1945,24.0445,4956
sphincs,1946,22.195584,4956
sphincs,1947,24.786875,4956
sphincs,1948,25.481832999999998,4956
sphincs,1949,21.442875,4956
sphincs,1950,22.317541,4956
sphincs,1951,22.273584,4956
sphincs,1952,30.07925,4956
sphincs,1953,22.172959,4956
sphincs,1954,24.486958,4956
sphincs,1955,24.807583,4956
sphincs,1956,22.68,4956
sphincs,1957,26.27225,4956
sphincs,1958,26.802459,4956
sphincs,1959,23.092708,4956
sphincs,1960,20.46325,4956
sphincs,1961,23.621541999999998,4956
sphincs,1962,22.947958,4956
sphincs,1963,22.055208,4956
sphincs,1964,21.275166000000002,4956
sphincs,1965,21.563499999999998,4956
sphincs,1966,21.586833,4956
sphincs,1967,25.051707999999998,4956
sphincs,1968,25.325708,4956
sphincs,1969,22.052083,4956
sphincs,1970,23.076375,4956
sphincs,1971,30.084208,4956
sphincs,1972,21.81625,4956
sphincs,1973,27.082083,4956
sphincs,1974,24.686834,4956
sphincs,1975,22.482875,4956
sphincs,1976,20.033458,4956
sphincs,1977,24.784042,4956
sphincs,1978,21.358959,4956
sphincs,1979,20.731541999999997,4956
sphincs,1980,21.7755,4956
sphincs,1981,25.809667,4956
sphincs,1982,23.770791,4956
sphincs,1983,21.717125,4956
sphincs,1984,20.553958,4956
sphincs,1985,21.673292,4956
sphincs,1986,27.032917,4956
sphincs,1987,30.181167,4956
sphincs,1988,21.355375,4956
sphincs,1989,30.942917,4956
sphincs,1990,21.453083000000003,4956
sphincs,1991,26.830459,4956
sphincs,1992,20.039959,4956
sphincs,1993,21.193792,4956
sphincs,1994,23.673125,4956
sphincs,1995,21.955917,4956
sphincs,1996,21.521583,4956
sphincs,1997,21.705917000000003,4956
sphincs,1998,23.959125,4956
sphincs,1999,22.372083,4956
sphincs,2000,24.522459,4956
sphincs,2001,21.593584,4956
sphincs,2002,19.74225,4956
sphincs,2003,30.176458,4956
sphincs,2004,22.792917,4956
sphincs,2005,20.730708,4956
sphincs,2006,27.511375,4956
sphincs,2007,21.758375,4956
sphincs,2008,24.341874999999998,4956
sphincs,2009,26.175792,4956
sphincs,2010,23.158458,4956
sphincs,2011,26.822084,4956
sphincs,2012,22.869625000000003,4956
sphincs,2013,22.055167,4956
sphincs,2014,20.575833000000003,4956
sphincs,2015,21.300791999999998,4956
sphincs,2016,35.720666,4956
sphincs,2017,20.944542,4956
sphincs,2018,24.352,4956
sphincs,2019,27.093541,4956
sphincs,2020,25.485,4956
sphincs,2021,20.561083,4956
sphincs,2022,27.509791,4956
sphincs,2023,20.413708,4956
sphincs,2024,21.4825,4956
sphincs,2025,27.197167,4956
sphincs,2026,25.845208000000003,4956
sphincs,2027,24.585666,4956
sphincs,2028,27.844583,4956
sphincs,2029,24.396708999999998,4956
sphincs,2030,21.62175,4956
sphincs,2031,24.415499999999998,4956
sphincs,2032,21.992792,4956
sphincs,2033,21.695541,4956
sphincs,2034,29.287416,4956
sphincs,2035,26.081625,4956
sphincs,2036,22.171125,4956
sphincs,2037,20.160125,4956
sphincs,2038,21.970375,4956
sphincs,2039,37.861540999999995,4956
sphincs,2040,21.489166,4956
sphincs,2041,29.933083,4956
sphincs,2042,22.549542,4956
sphincs,2043,23.757,4956
sphincs,2044,27.575333,4956
sphincs,2045,23.585625,4956
sphincs,2046,24.502709,4956
sphincs,2047,22.134334,4956
stark,0,18.47225,260144
stark,1,14.92525,260688
stark,2,15.396792,259576
stark,3,13.17375,261360
stark,4,12.991417,259264
stark,5,13.005875,259552
stark,6,14.113666,260328
stark,7,13.767415999999999,260496
stark,8,15.358958000000001,260352
stark,9,16.273166,259584
stark,10,13.781042000000001,260416
stark,11,14.097625,259824
stark,12,13.865041999999999,260528
stark,13,13.685291000000001,261424
stark,14,14.338959000000001,261120
stark,15,12.555541999999999,260432
stark,16,12.755875,260656
stark,17,12.868625,259584
stark,18,16.494458,260848
stark,19,16.097792,260832
stark,20,15.020292,261200
stark,21,16.85275,259072
stark,22,14.491083,259760
stark,23,14.237667,260008
stark,24,12.585166,261088
stark,25,13.020583,259168
stark,26,13.337708000000001,260560
stark,27,15.210166000000001,260144
stark,28,14.456125,261904
stark,29,15.631042,260224
stark,30,13.554542,261168
stark,31,13.938374999999999,260000
stark,32,16.467125,261632
stark,33,13.460125,260368
stark,34,12.369041000000001,260712
stark,35,13.943209,260736
stark,36,13.881499999999999,260024
stark,37,12.830083,258936
stark,38,13.688958,261952
stark,39,13.603292,261808
stark,40,12.217667,261968
stark,41,13.376624999999999,261696
stark,42,14.052083999999999,259200
stark,43,13.283916999999999,261360
stark,44,14.698958,259216
stark,45,15.703542,259840
stark,46,14.092625,260288
stark,47,14.278208000000001,259888
stark,48,12.639292,261440
stark,49,14.252749999999999,258336
stark,50,14.95775,262048
stark,51,12.614084,260496
stark,52,12.245666,260656
stark,53,13.202874999999999,260272
stark,54,15.714749999999999,261328
stark,55,12.763542,260712
stark,56,15.112208,260480
stark,57,15.384417,258784
stark,58,15.471708000000001,261512
stark,59,16.096791999999997,260328
stark,60,15.078584000000001,259648
stark,61,18.986333000000002,261240
stark,62,17.880333,261520
stark,63,12.637334,260576
stark,64,13.739917,260560
stark,65,13.556958,261664
stark,66,12.819459,261088
stark,67,14.581708,262672
stark,68,12.737958,260704
stark,69,15.096833,259072
stark,70,13.571125,260168
stark,71,13.892125,258584
stark,72,14.856375,262192
stark,73,15.01875,259792
stark,74,13.041125000000001,260496
stark,75,15.32525,260064
stark,76,15.559040999999999,261104
stark,77,16.228125,260608
stark,78,14.779709,261440
stark,79,14.154541,261264
stark,80,15.451042,259136
stark,81,14.064541,260672
stark,82,15.647041999999999,260688
stark,83,13.018042000000001,260544
stark,84,13.008375000000001,260728
stark,85,15.08275,260096
stark,86,12.820042,259776
stark,87,13.27425,259216
stark,88,13.250792,260112
stark,89,12.041291000000001,260608
stark,90,13.082084,259248
stark,91,14.992999999999999,258224
stark,92,12.585584,259784
stark,93,15.995708,261184
stark,94,12.618,260880
stark,95,14.138333,261104
stark,96,15.092125,260720
stark,97,13.45,260112
stark,98,13.5835,259784
stark,99,13.687417,260880
stark,100,12.780042,261072
stark,101,18.047334000000003,259936
stark,102,16.017167,259008
stark,103,12.590791000000001,260592
stark,104,13.165542,260928
stark,105,13.380125,263248
stark,106,13.719709,259928
stark,107,14.4315,259120
stark,108,13.630375,260496
stark,109,13.538542000000001,260864
stark,110,14.530833999999999,259904
stark,111,14.395833,261520
stark,112,12.4,260592
stark,113,15.530834,259744
stark,114,15.307540999999999,259232
stark,115,16.793458,260392
stark,116,15.754542,261712
stark,117,13.540625,257648
stark,118,12.708832999999998,259864
stark,119,13.419333,260848
stark,120,16.963333000000002,260000
stark,121,13.861416,260160
stark,122,13.090041,260320
stark,123,15.936667000000002,261104
stark,124,11.937667000000001,261264
stark,125,14.431917,259800
stark,126,16.88,261792
stark,127,14.713042000000002,260640
stark,128,15.019625,260000
stark,129,12.074417,258720
stark,130,17.824917,259744
stark,131,15.143917,260272
stark,132,14.5485,260088
stark,133,15.855583,259392
stark,134,14.245584000000001,260144
stark,135,13.97375,260032
stark,136,12.815083,259872
stark,137,12.809,260320
stark,138,12.847000000000001,259352
stark,139,12.474416999999999,260000
stark,140,13.712208,261488
stark,141,12.127417,261088
stark,142,13.266833,260432
stark,143,12.5925,260840
stark,144,15.502833,260704
stark,145,13.948583000000001,261568
stark,146,14.039,261808
stark,147,18.034125000000003,262112
stark,148,14.024750000000001,260720
stark,149,13.911458,259272
stark,150,13.743459,261376
stark,151,13.021457999999999,260416
stark,152,12.065083000000001,260528
stark,153,13.748959,260960
stark,154,13.5525,259216
stark,155,13.948749999999999,260400
stark,156,13.370583,260528
stark,157,12.978041,260512
stark,158,13.825459,259728
stark,159,13.567917000000001,260640
stark,160,13.533709,259192
stark,161,15.587083,260928
stark,162,15.876332999999999,259352
stark,163,16.298209,260152
stark,164,15.389167,259672
stark,165,14.837041000000001,259664
stark,166,15.770791,261136
stark,167,12.853208,260576
stark,168,12.971667,261568
stark,169,14.242332999999999,259688
stark,170,14.179667,261488
stark,171,13.039375000000001,258712
stark,172,13.776416999999999,259376
stark,173,12.695500000000001,260480
stark,174,13.555458,258992
stark,175,15.345332999999998,259328
stark,176,12.811375,260312
stark,177,13.726875,260088
stark,178,14.344249999999999,261280
stark,179,15.540667,258600
stark,180,14.078125,261568
stark,181,15.810542,261328
stark,182,13.290125,259904
stark,183,12.456541999999999,260304
stark,184,15.860666999999998,259776
stark,185,14.699459,260528
stark,186,12.761958,260960
stark,187,12.778834,258952
stark,188,13.893832999999999,261120
stark,189,12.32225,261432
stark,190,13.393208,260336
stark,191,13.250959,260024
stark,192,12.848167,261288
stark,193,15.883125000000001,259688
stark,194,13.772208,261424
stark,195,13.964666000000001,260400
stark,196,13.766166,260512
stark,197,14.75225,261504
stark,198,15.028500000000001,259016
stark,199,12.817125,261568
stark,200,13.102333000000002,260512
stark,201,12.470291999999999,258328
stark,202,13.491083,260544
stark,203,16.352167,259784
stark,204,14.140875000000001,260928
stark,205,15.541125,260768
stark,206,13.033,258176
stark,207,11.82325,260944
stark,208,13.198540999999999,259408
stark,209,15.136292000000001,260432
stark,210,14.165542,260944
stark,211,13.353375,261456
stark,212,14.676665999999999,261344
stark,213,14.233,260392
stark,214,14.315042,260888
stark,215,14.165375,261488
stark,216,13.253041999999999,259856
stark,217,14.270417,260128
stark,218,15.872375000000002,259296
stark,219,13.162375,261920
stark,220,15.279708,260720
stark,221,18.266791,260464
stark,222,13.461917,260816
stark,223,13.003083,261576
stark,224,14.049958,261872
stark,225,13.921792,261488
stark,226,17.854249999999997,260352
stark,227,17.874333999999998,260872
stark,228,17.460208,259616
stark,229,15.358083,260200
stark,230,17.958499999999997,260672
stark,231,14.221709,258840
stark,232,17.691209,260320
stark,233,20.383792,258632
stark,234,14.232708,260560
stark,235,13.833917,259432
stark,236,14.26775,259928
stark,237,16.49875,259952
stark,238,12.898833,261456
stark,239,24.142875,260632
stark,240,14.628917,260432
stark,241,14.920958,258856
stark,242,14.769209,260736
stark,243,15.287125,260960
stark,244,14.5245,260208
stark,245,15.310583,258776
stark,246,15.697834,261008
stark,247,14.267584,258968
stark,248,15.393,259880
stark,249,16.128917,261608
stark,250,14.620167,260296
stark,251,17.128125,260120
stark,252,16.109834,261112
stark,253,12.125666,257944
stark,254,13.150917,257880
stark,255,15.491083,260992
stark,256,14.189,260912
stark,257,24.371417,260896
stark,258,21.781875,260624
stark,259,19.521791,259968
stark,260,16.505833000000003,260000
stark,261,15.644958,260768
stark,262,15.105458,260864
stark,263,13.667541,259472
stark,264,13.157333,259616
stark,265,13.206459,260928
stark,266,13.86625,260880
stark,267,13.711292,259920
stark,268,17.422375,259784
stark,269,18.788417000000003,259120
stark,270,15.445333,260368
stark,271,13.198959,260912
stark,272,12.401125,259744
stark,273,15.538,260688
stark,274,12.595208,260544
stark,275,13.690208,258952
stark,276,14.530917,259432
stark,277,14.32975,261440
stark,278,14.114708,260096
stark,279,13.912,258360
stark,280,13.941375,261248
stark,281,14.873333,258440
stark,282,15.726083,261032
stark,283,14.063708,261456
stark,284,17.307583,260672
stark,285,15.314958,261144
stark,286,14.255416,260072
stark,287,13.047167,261360
stark,288,12.051542,260112
stark,289,13.588750000000001,259552
stark,290,14.509667,261280
stark,291,11.873166,260832
stark,292,12.657417,259648
stark,293,13.47925,259864
stark,294,15.030916,259104
stark,295,13.131833,258912
stark,296,14.072041,260144
stark,297,14.624583,259616
stark,298,14.36,260376
stark,299,14.212499999999999,261376
stark,300,13.341624999999999,260512
stark,301,14.268292,260112
stark,302,13.351792,261248
stark,303,14.975083,257784
stark,304,11.550958,260528
stark,305,16.524375,258936
stark,306,14.402916,261456
stark,307,14.749375,258856
stark,308,13.8505,259696
stark,309,13.258458000000001,260712
stark,310,14.597166999999999,258608
stark,311,14.764917,259144
stark,312,14.436208,259752
stark,313,13.706709,261344
stark,314,14.405042,259552
stark,315,13.639375000000001,258888
stark,316,13.638584,259712
stark,317,15.801167000000001,261408
stark,318,13.561541,260784
stark,319,16.204666,258352
stark,320,14.68875,260096
stark,321,13.847083,261728
stark,322,15.150875,261360
stark,323,13.132207999999999,260232
stark,324,14.046625,261016
stark,325,14.183167,261120
stark,326,16.860416,259944
stark,327,11.755792,260560
stark,328,13.080917,260712
stark,329,13.729999999999999,261216
stark,330,13.525666000000001,260608
stark,331,14.586542,262064
stark,332,13.700667,260320
stark,333,13.089666999999999,258752
stark,334,13.842042000000001,260816
stark,335,12.399708,261424
stark,336,15.424125,261504
stark,337,14.536958,260008
stark,338,13.057167,260712
stark,339,16.372500000000002,260688
stark,340,13.472041,260912
stark,341,15.10525,260968
stark,342,14.277833,260456
stark,343,12.891417,259264
stark,344,14.537791,260696
stark,345,14.281584,260480
stark,346,13.439834,261296
stark,347,13.034416,261104
stark,348,13.919583,259568
stark,349,13.622333000000001,261928
stark,350,13.260625,260960
stark,351,13.2025,260320
stark,352,15.361375,260352
stark,353,14.000874999999999,261296
stark,354,15.568458,259464
stark,355,15.172333,260656
stark,356,18.397958,261544
stark,357,15.543625,261616
stark,358,16.55575,262384
stark,359,13.282791,260400
stark,360,14.281167000000002,260560
stark,361,20.665958000000003,260752
stark,362,17.355667,261296
stark,363,14.415333,259384
stark,364,13.661542,260752
stark,365,13.710583,261008
stark,366,14.633416,260032
stark,367,13.988957999999998,259520
stark,368,15.070167000000001,261872
stark,369,15.241125,260176
stark,370,14.226458000000001,261424
stark,371,13.6025,260832
stark,372,13.7395,259552
stark,373,13.528083,259360
stark,374,12.016417,259384
stark,375,12.206709,259072
stark,376,14.936708,260600
stark,377,14.69875,260512
stark,378,12.504083,260656
stark,379,17.264208,260528
stark,380,14.622207999999999,261312
stark,381,14.09725,260192
stark,382,14.513584,260624
stark,383,12.685084,258240
stark,384,12.025041,261216
stark,385,13.782041999999999,260912
stark,386,13.226666999999999,260928
stark,387,14.601542,258144
stark,388,13.545416,260512
stark,389,13.954375,261544
stark,390,13.368208,259544
stark,391,14.163375,260936
stark,392,13.602292,260832
stark,393,12.887125,261488
stark,394,12.269916,260656
stark,395,17.548792,259384
stark,396,12.702417,260320
stark,397,13.775917,260344
stark,398,16.177291,260128
stark,399,14.068249999999999,260352
stark,400,14.364333,261312
stark,401,11.727041,260040
stark,402,13.210708,261744
stark,403,13.205625,261088
stark,404,13.226334,259240
stark,405,17.032792,261424
stark,406,14.561834,260208
stark,407,15.413917,260416
stark,408,14.314957999999999,262624
stark,409,21.690667,260992
stark,410,20.925542,260248
stark,411,20.423625,260360
stark,412,23.837500000000002,260528
stark,413,21.302833,261024
stark,414,23.073375,261872
stark,415,23.908042000000002,259808
stark,416,15.117792,260368
stark,417,20.393041,260520
stark,418,19.058916,259456
stark,419,17.510208,260832
stark,420,19.5205,261120
stark,421,16.721209,259544
stark,422,19.870416,260832
stark,423,18.76175,261216
stark,424,18.21675,260408
stark,425,18.647917,261072
stark,426,12.944333,259264
stark,427,13.891208,260152
stark,428,17.703,258208
stark,429,13.931917,260984
stark,430,15.402375,261360
stark,431,18.050959,259760
stark,432,16.975333,259120
stark,433,14.528667,260616
stark,434,16.475041,260912
stark,435,20.3895,260416
stark,436,16.644834,262032
stark,437,22.384167,260912
stark,438,17.986083,259664
stark,439,14.084,262384
stark,440,15.801584,260640
stark,441,15.288708,262336
stark,442,13.435,260896
stark,443,15.971124999999999,261744
stark,444,16.40825,260432
stark,445,13.478666,260832
stark,446,14.694875,261680
stark,447,17.609458,259472
stark,448,15.442584,260624
stark,449,17.63025,261168
stark,450,14.938208999999999,261232
stark,451,14.52425,260496
stark,452,17.902125,259368
stark,453,20.181708,259616
stark,454,21.342458,260840
stark,455,22.402874999999998,261152
stark,456,16.729750000000003,258360
stark,457,13.875125,260064
stark,458,14.234874999999999,260384
stark,459,15.962250000000001,260392
stark,460,13.840542000000001,260944
stark,461,18.076959,261424
stark,462,16.060499999999998,260472
stark,463,15.987541,261968
stark,464,16.372958999999998,260576
stark,465,15.768457999999999,261328
stark,466,13.837916,261336
stark,467,13.497291,260320
stark,468,15.224042,259024
stark,469,12.914916,259664
stark,470,13.501125,261968
stark,471,17.719541,260000
stark,472,14.3055,259920
stark,473,16.088749999999997,259248
stark,474,14.474083,259912
stark,475,14.460042,261248
stark,476,12.706209,259888
stark,477,14.861542,259856
stark,478,14.268416,260336
stark,479,13.010041999999999,260864
stark,480,15.597415999999999,261856
stark,481,13.319584,259768
stark,482,15.836125,260040
stark,483,15.261000000000001,260152
stark,484,14.567459,261712
stark,485,15.577250000000001,257976
stark,486,13.044666999999999,261840
stark,487,12.925749999999999,260784
stark,488,14.791167,260136
stark,489,16.730417,261152
stark,490,17.5215,259192
stark,491,16.558291999999998,259344
stark,492,16.819875000000003,261504
stark,493,29.94925,259648
stark,494,19.501917,260576
stark,495,18.506208,259888
stark,496,16.673542,260072
stark,497,15.7885,260320
stark,498,11.78075,261264
stark,499,13.8095,260040
stark,500,14.678,260272
stark,501,13.337709,260432
stark,502,14.396542,260704
stark,503,13.150291999999999,260960
stark,504,14.567667,261112
stark,505,12.5825,259632
stark,506,12.848416,261872
stark,507,12.962917,261152
stark,508,15.18275,259336
stark,509,14.150417000000001,260304
stark,510,12.989541000000001,260488
stark,511,12.476792,260352
stark,512,12.379875,260112
stark,513,14.16425,261800
stark,514,14.045708000000001,260144
stark,515,12.801708,258616
stark,516,14.369708,261576
stark,517,12.405334,259248
stark,518,12.313915999999999,259928
stark,519,12.590708000000001,260944
stark,520,13.098083,259856
stark,521,12.457374999999999,262000
stark,522,12.267375000000001,260392
stark,523,11.674667,259384
stark,524,11.786249999999999,261392
stark,525,12.883500000000002,260640
stark,526,17.635167,262112
stark,527,14.527,260800
stark,528,16.132167,260736
stark,529,13.653291999999999,260144
stark,530,12.637333,260512
stark,531,14.777208,258736
stark,532,13.281417,260568
stark,533,12.642583,259232
stark,534,13.036582999999998,261936
stark,535,12.076708,260096
stark,536,14.45525,259936
stark,537,13.272416,259416
stark,538,14.581833000000001,261504
stark,539,13.232041,260944
stark,540,13.976042,261312
stark,541,16.473625,260168
stark,542,13.175374999999999,261648
stark,543,13.342959,258608
stark,544,13.456084,260160
stark,545,12.041917,260008
stark,546,13.809334,261040
stark,547,12.417083,260072
stark,548,12.460291,261600
stark,549,14.386042,259776
stark,550,13.510167,259856
stark,551,11.80175,260944
stark,552,14.078999999999999,260208
stark,553,14.195917000000001,260832
stark,554,13.620709,258672
stark,555,15.584791000000001,260112
stark,556,14.750791,261104
stark,557,14.164125,259352
stark,558,13.191457999999999,260960
stark,559,13.014,259696
stark,560,14.031459,259744
stark,561,14.88575,261696
stark,562,15.227833,260760
stark,563,15.598458,260384
stark,564,14.094541,262544
stark,565,14.389000000000001,260240
stark,566,13.147,260160
stark,567,16.603125,260488
stark,568,14.434333,259352
stark,569,14.097292000000001,259816
stark,570,13.033291,259864
stark,571,14.082416,260704
stark,572,13.217291000000001,259912
stark,573,12.107125,258744
stark,574,14.287417,262032
stark,575,14.002333,260944
stark,576,12.734917,259224
stark,577,13.590083,259712
stark,578,13.675917,260160
stark,579,11.824334,260496
stark,580,14.218375,258888
stark,581,14.457584,258584
stark,582,16.129917,260928
stark,583,15.649041999999998,260096
stark,584,14.756667,260688
stark,585,22.360167,261584
stark,586,13.995083000000001,259832
stark,587,13.531792000000001,259648
stark,588,16.083083000000002,261248
stark,589,13.391250000000001,259408
stark,590,13.410625000000001,259848
stark,591,14.985584,260672
stark,592,12.604375,260256
stark,593,14.137167000000002,260064
stark,594,13.580333999999999,261296
stark,595,13.148625000000001,260112
stark,596,15.547917,261360
stark,597,13.787583000000001,261872
stark,598,11.697542,260656
stark,599,14.121459,258888
stark,600,12.99375,261920
stark,601,11.595917,260776
stark,602,12.074792,260808
stark,603,15.360999999999999,260384
stark,604,17.7885,260816
stark,605,13.447417,260080
stark,606,12.769084,261088
stark,607,13.796167,259904
stark,608,12.787417000000001,260848
stark,609,15.428374999999999,260240
stark,610,15.198875000000001,260216
stark,611,17.621000000000002,260624
stark,612,14.767875,259616
stark,613,13.041374999999999,261024
stark,614,16.437708999999998,260320
stark,615,12.814667,259528
stark,616,12.118500000000001,260608
stark,617,12.466208,259224
stark,618,12.992042,259552
stark,619,12.644292,261200
stark,620,13.826958000000001,261088
stark,621,14.916584,260880
stark,622,12.090290999999999,257936
stark,623,15.076583,261328
stark,624,13.378166,260880
stark,625,13.223375,259568
stark,626,15.633625000000002,259288
stark,627,17.503375000000002,259656
stark,628,13.475542,260768
stark,629,12.787709,259896
stark,630,13.272499999999999,260480
stark,631,12.18675,261360
stark,632,12.711375,259768
stark,633,13.542291,260640
stark,634,12.122416000000001,260096
stark,635,15.133416,261024
stark,636,14.844916,260656
stark,637,12.760041,260768
stark,638,14.888666,260368
stark,639,12.097125,258960
stark,640,13.992375,260960
stark,641,13.400583000000001,259856
stark,642,15.322708,259864
stark,643,15.304125,260704
stark,644,12.940999999999999,261056
stark,645,11.918291,260728
stark,646,13.072667,260816
stark,647,12.619416,260096
stark,648,12.553583999999999,259560
stark,649,12.484416999999999,260720
stark,650,15.196292,261872
stark,651,12.444042000000001,260240
stark,652,11.871666,261424
stark,653,12.07025,260960
stark,654,11.77375,262160
stark,655,15.968041,259248
stark,656,11.967583000000001,260072
stark,657,12.980334,260032
stark,658,12.511125,260480
stark,659,13.388208,261344
stark,660,13.110167,258728
stark,661,15.115,258816
stark,662,12.225791999999998,261344
stark,663,13.25875,260576
stark,664,14.298584,259976
stark,665,12.168667,260336
stark,666,12.811124999999999,260784
stark,667,14.181333,259312
stark,668,11.848875,260880
stark,669,13.694542,260384
stark,670,16.48,259856
stark,671,14.98125,259056
stark,672,13.296000000000001,260592
stark,673,13.80575,261712
stark,674,13.841542,261128
stark,675,11.906917,259384
stark,676,12.409,259648
stark,677,11.554375,260752
stark,678,16.741,261968
stark,679,12.934583,260320
stark,680,12.759333,260544
stark,681,13.869207999999999,259664
stark,682,13.602834,259432
stark,683,16.057499999999997,260344
stark,684,15.234708,260064
stark,685,13.07625,260688
stark,686,11.766375,262064
stark,687,12.76225,262032
stark,688,13.242541,261104
stark,689,11.269875,261936
stark,690,13.185749999999999,260352
stark,691,12.000458,259504
stark,692,14.317833,259096
stark,693,11.540333,260112
stark,694,13.901542,259896
stark,695,12.408959000000001,260944
stark,696,12.107209000000001,259880
stark,697,12.39975,259464
stark,698,13.432166,260224
stark,699,15.654541000000002,259920
stark,700,11.629291,260488
stark,701,12.771291,260256
stark,702,17.901207999999997,260272
stark,703,13.318833,261264
stark,704,13.092667,259984
stark,705,12.890583000000001,259344
stark,706,14.19925,259632
stark,707,13.561041,261056
stark,708,16.110833000000003,260416
stark,709,13.8315,260352
stark,710,13.958417,259592
stark,711,13.618417,261712
stark,712,15.152042,260304
stark,713,14.113624999999999,261816
stark,714,14.370959000000001,260584
stark,715,13.949833,260704
stark,716,12.713125,258960
stark,717,14.448333,261520
stark,718,12.738958,260720
stark,719,15.120333,259680
stark,720,13.868,260680
stark,721,13.169875,262256
stark,722,13.43125,260224
stark,723,12.514625,261136
stark,724,14.190875,259336
stark,725,12.986125,260504
stark,726,13.463167,260736
stark,727,13.086916,261928
stark,728,15.026916,261824
stark,729,13.218708,260944
stark,730,14.440916999999999,260736
stark,731,17.510042,259272
stark,732,11.01425,259792
stark,733,12.073209,259152
stark,734,13.381832999999999,259152
stark,735,14.433833,261360
stark,736,13.748625,261816
stark,737,13.079458,260864
stark,738,12.512417,259344
stark,739,13.021457999999999,259856
stark,740,13.586583,260400
stark,741,12.261417,261936
stark,742,13.787833,259640
stark,743,14.422708,259768
stark,744,12.274208,260304
stark,745,13.235834,261904
stark,746,13.860917,259256
stark,747,14.203917,260256
stark,748,13.203584000000001,258224
stark,749,14.75625,260496
stark,750,15.4025,260176
stark,751,12.050417000000001,261520
stark,752,13.056292000000001,259616
stark,753,13.301542,260768
stark,754,13.594833000000001,260128
stark,755,12.258792,259112
stark,756,16.232083000000003,259600
stark,757,17.231167,261440
stark,758,11.992916,260400
stark,759,12.232916,260096
stark,760,13.99775,259824
stark,761,15.287708,260608
stark,762,17.096,261984
stark,763,19.988042,257760
stark,764,17.077542,261008
stark,765,16.496416,261448
stark,766,17.328125,259456
stark,767,12.974458,259328
stark,768,13.8205,260656
stark,769,13.143917,259888
stark,770,15.387041,261056
stark,771,16.003834,261872
stark,772,16.591792,260096
stark,773,12.760333000000001,259872
stark,774,17.353542,260464
stark,775,12.657458,259936
stark,776,14.518583999999999,259944
stark,777,13.074083,260384
stark,778,16.538207999999997,261088
stark,779,14.261667000000001,260880
stark,780,13.016333,260704
stark,781,17.167791,258632
stark,782,14.530833999999999,259448
stark,783,12.436209,261280
stark,784,17.672708,260544
stark,785,13.70275,261296
stark,786,14.503125,260576
stark,787,13.129708,259504
stark,788,15.813500000000001,259984
stark,789,15.072125,260688
stark,790,13.678875,260584
stark,791,12.461292,259376
stark,792,13.442417,259640
stark,793,15.498790999999999,259968
stark,794,12.771709,262672
stark,795,13.135833,261648
stark,796,14.283458000000001,260512
stark,797,12.553542,259408
stark,798,13.153084,258912
stark,799,12.499084,260512
stark,800,11.312583,260304
stark,801,13.615292,260640
stark,802,13.034167,260336
stark,803,14.031540999999999,261928
stark,804,13.542167000000001,261392
stark,805,15.963167,260272
stark,806,12.025417000000001,259400
stark,807,13.87975,262192
stark,808,16.306667,258768
stark,809,13.742334,261056
stark,810,13.851542,259808
stark,811,15.498375,259896
stark,812,17.270541,259256
stark,813,13.984833,259432
stark,814,13.290542,259808
stark,815,15.707374999999999,260944
stark,816,11.686,261408
stark,817,12.671292000000001,260832
stark,818,14.31575,260064
stark,819,14.001417,259600
stark,820,14.981084000000001,259072
stark,821,13.608833,260120
stark,822,13.528541,260032
stark,823,12.969209000000001,261440
stark,824,13.14,260112
stark,825,15.342833,260912
stark,826,14.619083999999999,260512
stark,827,14.965208,260384
stark,828,11.871916,261120
stark,829,13.74675,260896
stark,830,12.764249999999999,261424
stark,831,16.150458,260288
stark,832,15.46025,260448
stark,833,15.977875,260864
stark,834,15.073583999999999,259696
stark,835,13.800417000000001,260160
stark,836,14.027,260976
stark,837,14.447583,260616
stark,838,12.891207999999999,260240
stark,839,15.443,262048
stark,840,13.061458,259920
stark,841,15.193,260992
stark,842,12.10825,261184
stark,843,12.084125,260656
stark,844,12.292542,260208
stark,845,11.636166,260320
stark,846,13.447333,259920
stark,847,12.909542,262448
stark,848,13.17375,259896
stark,849,12.301124999999999,259768
stark,850,12.14925,260896
stark,851,11.94925,258656
stark,852,15.605832999999999,260320
stark,853,13.629041999999998,261712
stark,854,13.562249999999999,260704
stark,855,12.860125,260784
stark,856,13.052084,261312
stark,857,13.814958,260448
stark,858,12.243792,261064
stark,859,13.01275,260208
stark,860,14.247083,260816
stark,861,14.021208999999999,260808
stark,862,13.807,259712
stark,863,15.235791,260656
stark,864,12.82925,259504
stark,865,14.393583999999999,261584
stark,866,14.276791000000001,260752
stark,867,12.881292,260448
stark,868,13.015209,259856
stark,869,13.629541999999999,261120
stark,870,13.445291999999998,261096
stark,871,12.233208000000001,260040
stark,872,12.168415999999999,259616
stark,873,14.674291,260592
stark,874,13.870458000000001,259728
stark,875,12.208375,260560
stark,876,13.00175,259784
stark,877,12.465957999999999,260720
stark,878,12.778666,259344
stark,879,12.620875,260768
stark,880,12.661708,259624
stark,881,14.63275,261744
stark,882,15.130332999999998,261168
stark,883,13.934333,261392
stark,884,14.58675,260024
stark,885,15.948792,259064
stark,886,14.191,260504
stark,887,15.537,259968
stark,888,13.991958,260240
stark,889,13.726333,260384
stark,890,12.637042,261008
stark,891,15.963499999999998,260576
stark,892,13.810083,259120
stark,893,12.850541999999999,261056
stark,894,13.228458999999999,259424
stark,895,12.92625,260544
stark,896,14.250957999999999,260400
stark,897,14.688917,260496
stark,898,13.414292,259344
stark,899,16.358999999999998,260936
stark,900,15.749833,260912
stark,901,16.290166,259752
stark,902,12.850208,258832
stark,903,12.595500000000001,260640
stark,904,13.417917,260408
stark,905,11.926041999999999,258976
stark,906,15.707790999999999,260488
stark,907,15.54,259760
stark,908,12.050708,261320
stark,909,14.328291,260752
stark,910,16.361333,260024
stark,911,14.897874999999999,261504
stark,912,14.150792000000001,260136
stark,913,12.474542,261696
stark,914,12.841541,259840
stark,915,14.2565,258560
stark,916,15.414708,260120
stark,917,14.918167,260680
stark,918,14.106166,261680
stark,919,13.041959,260080
stark,920,13.300374999999999,260928
stark,921,12.168417000000002,258448
stark,922,12.292666,260032
stark,923,14.615,261184
stark,924,12.755583,261968
stark,925,14.128041,259552
stark,926,14.949417,259592
stark,927,13.849666000000001,259288
stark,928,13.800334,260352
stark,929,14.041041,260720
stark,930,17.25325,260912
stark,931,13.503207999999999,259600
stark,932,13.941875,258720
stark,933,14.429083,260496
stark,934,11.465042,261760
stark,935,13.576292,258456
stark,936,14.762541,260816
stark,937,15.442667,260808
stark,938,13.726334,259928
stark,939,13.822666000000002,260232
stark,940,13.364792,260720
stark,941,11.993583000000001,261344
stark,942,15.508334,260928
stark,943,15.742916999999998,261312
stark,944,16.2315,260912
stark,945,12.516833,259440
stark,946,16.680375,261136
stark,947,18.255708,260416
stark,948,13.672500000000001,259264
stark,949,13.772124999999999,259328
stark,950,15.42425,258624
stark,951,14.824334,261968
stark,952,14.744625000000001,261536
stark,953,14.765375,260048
stark,954,14.6365,262416
stark,955,12.224,260224
stark,956,14.343625000000001,261200
stark,957,12.520292000000001,260120
stark,958,14.118583000000001,260160
stark,959,13.372,261280
stark,960,12.869208,259432
stark,961,12.704291,258960
stark,962,14.08625,259560
stark,963,11.766874999999999,259808
stark,964,12.832958,261280
stark,965,15.058333,260704
stark,966,12.906958,261216
stark,967,12.481000000000002,259648
stark,968,13.788666999999998,260696
stark,969,14.155625,260688
stark,970,13.37575,259408
stark,971,15.930583000000002,260704
stark,972,15.180666,260976
stark,973,13.402083000000001,261456
stark,974,12.699541,258608
stark,975,14.205375,258736
stark,976,15.071917000000001,260672
stark,977,12.617750000000001,259488
stark,978,14.42925,261152
stark,979,13.629166999999999,260744
stark,980,13.693041,259216
stark,981,12.869208,260192
stark,982,17.501167000000002,261056
stark,983,12.605791,258776
stark,984,14.355583,260336
stark,985,18.237916,260800
stark,986,17.118458,261280
stark,987,12.992625,262112
stark,988,14.160791000000001,261936
stark,989,12.662792000000001,260880
stark,990,13.220125,259408
stark,991,14.464917000000002,259920
stark,992,13.121208000000001,259520
stark,993,12.818542,260656
stark,994,13.826333,258144
stark,995,16.906958,259088
stark,996,12.370041,261720
stark,997,13.518917,260416
stark,998,13.437083000000001,259744
stark,999,13.391749999999998,260816
stark,1000,13.303959,259480
stark,1001,13.842125000000001,261584
stark,1002,14.059999999999999,260408
stark,1003,14.068041,260400
stark,1004,12.078999999999999,260512
stark,1005,18.359125,260536
stark,1006,13.769833,260400
stark,1007,12.631208999999998,260552
stark,1008,13.169125000000001,260256
stark,1009,13.356708,260160
stark,1010,12.652167,259952
stark,1011,13.577291,259776
stark,1012,12.984375,259616
stark,1013,15.266375,260928
stark,1014,15.032375,260424
stark,1015,12.682708,260152
stark,1016,12.127875,259696
stark,1017,13.733042000000001,259080
stark,1018,15.568792,260528
stark,1019,12.131667,260088
stark,1020,14.405583,261616
stark,1021,15.666666999999999,260400
stark,1022,13.007584000000001,259112
stark,1023,15.825667000000001,259200
stark,1024,13.161083,260832
stark,1025,13.847334,260176
stark,1026,12.953541000000001,259992
stark,1027,13.786667000000001,259568
stark,1028,14.121,261352
stark,1029,11.815417,260560
stark,1030,15.330625000000001,261632
stark,1031,15.247166,260024
stark,1032,14.581666,260992
stark,1033,12.958458,261216
stark,1034,13.670959,259672
stark,1035,13.459999999999999,259288
stark,1036,13.685709000000001,260208
stark,1037,13.211083,260920
stark,1038,12.654916,261696
stark,1039,13.253209,259752
stark,1040,13.202874999999999,261152
stark,1041,13.944333,260528
stark,1042,14.729459,259872
stark,1043,15.734250000000001,261344
stark,1044,13.110375000000001,260976
stark,1045,12.66,259824
stark,1046,12.629707999999999,259936
stark,1047,14.667791,260880
stark,1048,11.861,261040
stark,1049,12.100875,260936
stark,1050,12.618667,260472
stark,1051,13.587292000000001,259712
stark,1052,13.40375,260896
stark,1053,13.1485,260736
stark,1054,13.181959,259952
stark,1055,16.680291,260480
stark,1056,14.372292,262288
stark,1057,14.736083,260240
stark,1058,13.693916999999999,260064
stark,1059,14.022542000000001,260648
stark,1060,19.095541,261648
stark,1061,15.3245,262384
stark,1062,14.75975,261616
stark,1063,12.218416,261072
stark,1064,13.999583,260032
stark,1065,19.008582999999998,260584
stark,1066,15.482583,259680
stark,1067,13.151917000000001,260736
stark,1068,14.752042,260080
stark,1069,14.784084,261280
stark,1070,13.365416999999999,260912
stark,1071,14.950750000000001,261104
stark,1072,11.873417,259952
stark,1073,12.704833,261056
stark,1074,12.735125,258936
stark,1075,19.627542000000002,260304
stark,1076,12.841292000000001,260320
stark,1077,14.102125000000001,260640
stark,1078,18.749166000000002,259736
stark,1079,14.7975,262144
stark,1080,13.204834,261048
stark,1081,12.545333000000001,260976
stark,1082,13.819792,261024
stark,1083,12.465125,260112
stark,1084,12.643917,260960
stark,1085,15.68325,260872
stark,1086,11.866417,260208
stark,1087,13.656375,261576
stark,1088,12.435709,260304
stark,1089,12.422208000000001,260320
stark,1090,12.808791,260624
stark,1091,13.508417,261632
stark,1092,13.381958,260088
stark,1093,13.402541000000001,259872
stark,1094,13.037792,260640
stark,1095,12.211833,260656
stark,1096,14.211540999999999,259896
stark,1097,13.493458,261488
stark,1098,12.335375,260816
stark,1099,18.253,260992
stark,1100,14.712708999999998,261936
stark,1101,13.625875,260704
stark,1102,12.127166,260576
stark,1103,14.576041,260688
stark,1104,13.914625,259736
stark,1105,15.375708,258896
stark,1106,14.539959,260512
stark,1107,12.817,261752
stark,1108,13.455375,261424
stark,1109,12.490958,261712
stark,1110,12.630667,261248
stark,1111,13.15925,260304
stark,1112,12.256959,259896
stark,1113,13.694541,260480
stark,1114,13.926834000000001,259584
stark,1115,15.517291,260448
stark,1116,13.7805,258848
stark,1117,12.829125,260384
stark,1118,13.269124999999999,260752
stark,1119,14.0365,259536
stark,1120,12.437833000000001,259824
stark,1121,12.457958,260584
stark,1122,13.47725,260480
stark,1123,12.203166999999999,260800
stark,1124,14.875542000000001,259432
stark,1125,16.586875,258784
stark,1126,18.383,259304
stark,1127,17.082625,259120
stark,1128,18.676542,260512
stark,1129,17.897792,260800
stark,1130,13.746125,259120
stark,1131,17.854459,260232
stark,1132,15.944834000000002,260624
stark,1133,12.774249999999999,261328
stark,1134,12.505749999999999,259808
stark,1135,12.563457999999999,260224
stark,1136,14.827583,260672
stark,1137,13.361334000000001,259688
stark,1138,12.790042,261264
stark,1139,11.969292,260832
stark,1140,13.246208000000001,261056
stark,1141,13.128582999999999,260832
stark,1142,15.442875,260416
stark,1143,16.847417,260776
stark,1144,13.821541999999999,258928
stark,1145,13.3015,260784
stark,1146,13.302041000000001,260960
stark,1147,13.78125,260752
stark,1148,13.199209,260592
stark,1149,11.454749999999999,260320
stark,1150,12.540958,256528
stark,1151,13.217542,260528
stark,1152,13.128459,261328
stark,1153,13.163333,260464
stark,1154,13.334166999999999,260096
stark,1155,13.161917,260032
stark,1156,13.674416,258944
stark,1157,12.891708999999999,260304
stark,1158,14.675458,260960
stark,1159,15.200458,259872
stark,1160,13.030625,261440
stark,1161,15.411667,259728
stark,1162,13.110999999999999,260480
stark,1163,12.255333,261904
stark,1164,15.594125,260480
stark,1165,12.613458,259464
stark,1166,14.920208,260856
stark,1167,12.238542,260456
stark,1168,13.454333,261680
stark,1169,14.11725,259264
stark,1170,12.875625,260736
stark,1171,13.612499999999999,261248
stark,1172,13.746209,260784
stark,1173,13.135625,260368
stark,1174,12.806458,261152
stark,1175,14.686124999999999,261232
stark,1176,12.288416999999999,259928
stark,1177,12.830584,260688
stark,1178,17.093291999999998,259840
stark,1179,14.337416000000001,260344
stark,1180,16.804291999999997,261392
stark,1181,18.97475,262032
stark,1182,13.876958,259936
stark,1183,12.647333999999999,259248
stark,1184,14.373624999999999,260176
stark,1185,12.352834,260832
stark,1186,14.586208,260640
stark,1187,12.908584000000001,259104
stark,1188,12.97325,260448
stark,1189,12.287334000000001,261680
stark,1190,13.107375,259448
stark,1191,15.426167,259520
stark,1192,12.2165,260272
stark,1193,14.213417000000002,260496
stark,1194,14.453333,260288
stark,1195,14.126625,260640
stark,1196,14.489333,259864
stark,1197,12.589291000000001,259792
stark,1198,12.509041,261504
stark,1199,12.49175,261152
