kind,case,objectBytes,chunkBytes,repetitions,simulatedWireMbps,probeIntervalMs,durationSeconds,objectDurationSeconds,payloadBytes,wireBytes,goodputMbps,controlP50Ms,controlP95Ms,controlMaxMs,controlsOffered,controlsDelivered,controlDrops,writeDrops,processCpuMs,claims,proofBytes,preparationProveMs,preparationVerifyMs
"mixed-traffic","object-1048576","1048576","0","3","32","20","0.96394","0.8967131","3145728","3152272","28.0645214171623","134.7386","287.7229","294.6285","49","49","0","0","614.7920000000004","0","0","0","0"
"mixed-traffic","object-1048576","1048576","32768","3","32","20","0.942271","0.8738447","3145728","3162624","28.79896622363218","4.0123","9.6177","11.7766","48","48","0","0","605.7830000000004","0","0","0","0"
"mixed-traffic","object-1048576","1048576","65536","3","32","20","0.9030242","0.8401679","3145728","3156928","29.95332718614934","8.4385","16.0559","16.6975","46","46","0","0","574.3130000000001","0","0","0","0"
"mixed-traffic","object-1048576","1048576","131072","3","32","20","0.881643","0.8214907","3145728","3154176","30.634338282831443","15.4255","32.7622","34.7632","45","45","0","0","604.3429999999998","0","0","0","0"
"mixed-traffic","object-10485760","10485760","0","3","32","20","8.2822458","8.2239297","31457280","31511968","30.600728505741","1336.3026","2580.4222","2716.073","415","415","0","0","3576.437","0","0","0","0"
"mixed-traffic","object-10485760","10485760","32768","3","32","20","8.7429906","8.6839802","31457280","31620864","28.979596245509633","4.6935","9.2944","37.7337","438","438","0","0","4418.902","0","0","0","0"
"mixed-traffic","object-10485760","10485760","65536","3","32","20","8.7227671","8.6553663","31457280","31566848","29.07540030974772","9.441","17.2841","45.3347","437","437","0","0","4078.901","0","0","0","0"
"mixed-traffic","object-10485760","10485760","131072","3","32","20","8.7432229","8.6781907","31457280","31540224","28.99892946579291","18.3097","34.6336","58.2061","438","438","0","0","3695.1200000000026","0","0","0","0"
"mixed-traffic","sphincs1","226238","0","3","32","20","0.2425907","0.1707042","678714","654016","31.807723535800523","10.0333","50.0137","50.0137","13","13","0","0","84.30199999999968","1","225800","109.5413","6.6357"
"mixed-traffic","sphincs1","226238","32768","3","32","20","0.2426673","0.1737393","678714","658384","31.252065594830874","3.8649","9.6966","9.6966","13","13","0","0","73.7609999999986","1","225800","109.5413","6.6357"
"mixed-traffic","sphincs1","226238","65536","3","32","20","0.2422725","0.171787","678714","655264","31.607234540448346","3.5083","15.389","15.389","13","13","0","0","97.09400000000096","1","225800","109.5413","6.6357"
"mixed-traffic","sphincs1","226238","131072","3","32","20","0.242239","0.1766004","678714","654544","30.745751425251587","4.8125","24.8091","24.8091","13","13","0","0","88.0570000000007","1","225800","109.5413","6.6357"
"mixed-traffic","sphincs16","263552","0","3","32","20","0.263167","0.1971184","790656","757712","32.088572147501196","16.2817","61.8087","61.8087","14","14","0","0","95.21399999999994","16","257368","292.6255","6.8872"
"mixed-traffic","sphincs16","263552","32768","3","32","20","0.262346","0.2038038","790656","752144","31.035966944679146","2.9425","8.4121","8.4121","14","14","0","0","99.5560000000005","16","257368","292.6255","6.8872"
"mixed-traffic","sphincs16","263552","65536","3","32","20","0.2625696","0.1999125","790656","759248","31.64008253610955","5.2409","16.1548","16.1548","14","14","0","0","88.51599999999962","16","257368","292.6255","6.8872"
"mixed-traffic","sphincs16","263552","131072","3","32","20","0.2633291","0.1978856","790656","758576","31.964165154008175","8.156","28.3509","28.3509","14","14","0","0","81.21399999999994","16","257368","292.6255","6.8872"
"mixed-traffic","stark1","260794","0","3","32","20","0.1620081","0.0986227","782382","372816","63.46465874489343","4.954","30.8537","30.8537","9","9","0","0","62.96800000000076","1","260356","3.6417","3.3005"
"mixed-traffic","stark1","260794","32768","3","32","20","0.1620339","0.1008324","782382","375216","62.07385721256263","1.524","6.294","6.294","9","9","0","0","46.736000000000786","1","260356","3.6417","3.3005"
"mixed-traffic","stark1","260794","65536","3","32","20","0.1618867","0.1019172","782382","374016","61.413147142974886","1.9419","13.1234","13.1234","9","9","0","0","46.04200000000128","1","260356","3.6417","3.3005"
"mixed-traffic","stark1","260794","131072","3","32","20","0.1627468","0.0986182","782382","373296","63.46755467043609","4.9889","24.9871","24.9871","9","9","0","0","28.066999999999098","1","260356","3.6417","3.3005"
"mixed-traffic","block-stark16","4168240","0","3","32","20","1.6426065","1.5881785","12504720","5961104","62.988990217409444","239.9155","492.9807","515.5975","83","83","0","0","707.5490000000027","16","4168240","59.4234","56.4947"
"mixed-traffic","block-stark16","4168240","32768","3","32","20","1.7424337","1.676394","12504720","5981248","59.674372492385444","3.4298","9.2872","10.4747","88","88","0","0","912.9399999999987","16","4168240","59.4234","56.4947"
"mixed-traffic","block-stark16","4168240","65536","3","32","20","1.722644","1.6519506","12504720","5978832","60.55735564973917","5.512","13.2036","18.3967","87","87","0","0","775.2879999999968","16","4168240","59.4234","56.4947"
"mixed-traffic","block-stark16","4168240","131072","3","32","20","1.7633021","1.7020686","12504720","5990384","58.77422331861359","9.5488","24.2037","31.7957","89","89","0","0","809.1090000000004","16","4168240","59.4234","56.4947"
