blockHash,number,slot,transactionCount,signatureDependencies,genericDependencies,rawDeclarations,proofBytes,proofSha256,finalizedBoth
0x2b217896ba13ad18627294cb8436480a47308935658cdc4fd965177d3111bc32,1660,1707,1,1,0,1,265240,64cdfb0bd6177ab9eb0ff447c4e5ee584a5a37b94e4e229fb7fc319d2eef14fc,True
0x4e476a51f6c08c3cef1e00d213b203c24639e3af8e69dcf315e20fa4736f1163,1665,1712,1,1,0,1,264856,db4c4311a54b559b1391f3bea4cea7c228b42fe33fbd5bc1f6a0ea45d9c28689,True
0xa57d35af9b3720113c8992128e8392e00ca8bc4c8bb016bfd132bc07e4697888,1711,1758,1,1,0,1,266096,af47c9767b09740c46f4e528ca7020f9d9476d217579577cc0aee40920a04769,True
0x04e9f2202f10b1f4275a40e51a81f4017848b069707efa13b01b8456be9064b3,1713,1762,1,1,0,1,264408,b5de6696b6420c53b15537a1f9ddc6fa641d8c01ba3c8935b05d8a3750de2b47,True
0xb914977ee25f89a08ed2d4d62446d279a2e20c7aeec9e6b025d8c5b5248b7ea6,1945,1999,1,1,0,1,264480,e08e8a672bffc7997bf2ad12cc49e8c0fe6338761f571bc91178eb606554df80,True
0xac54805a092b8ebad34781d56abd603e2d266f3f9cf55bb1d93f8704148deee0,2130,2191,3,3,0,3,327016,5c10090e1864c85e70950b6a0302b42afeb8854011ff331e904eb732c76c6305,True
0xb01c83adf48647b2e9f5b6a040597a92b577094f6d3deac310ff0f8e2bcff168,2159,2221,1,1,0,1,263712,5713bf264a249c8b1cce7de7b980ce77b7f383a5d2f4650e18db646161530b60,True
0x2e2e0cb9de9fcabd4785da1c4e6b50c64dadae518645012c92d6e0e2096c8d7a,2162,2224,1,1,0,1,266008,391d592eb16816cd6626c34ae74c73c99e914ed67c98a0330f90ec32f33c91ae,True
0x419187bf30ec05bdf81e8b0f7f4c0353b4f8aca9bba3a5d44c6d75de354ab9e1,2165,2227,1,1,0,1,265296,022621a08dc6c5d67b6ae8045576c2848971a445c7e7a36a7629e783f8bf635d,True
0x93cd3f45582d1f023ead89a349c58fb53313988348c1c46d265937d2aed9abe6,2168,2230,1,1,0,1,264856,f6f771fc34e828998789cd7bbce30c5cb3a87b8b7b2f996aefbba029c99ef56f,True
0x1cd666d2bec187f1177618e7864a48270f8d2f7a95bc08e342339f2836f67347,2178,2240,1,1,0,1,263424,52bc016ef20b6716d4a6d3e19fda99808b2fb425fc236659df7191529ab8e39c,True
0x441be00ad3e30f70e65d9c307c25c68412d1661a5d7e32f51062540cf7b68820,2180,2242,1,1,0,1,266200,bf266ed7cc31992bfbea23a0671c57fd7f81368ffeb0294e9ca0f4f62d3538f0,True
0x5baed86c5c1327c7b924c9e393f92ed9e1541f2980fba1e797d41a40eb282c7c,2182,2244,1,1,0,1,263984,bfcbadcdfcc73615ee2515c339dad63ca64d36054403fd2fea5b458e6f41c735,True
0x29ffd5877c8ff35fa4b6d48ea957f55135afb7edd04fa12fb51173c873ac78a9,2184,2246,1,1,0,1,264560,7c0bffa9a237fd36c88bb20c9e1918d8976102849cda1d25c80666f4f9f54794,True
0x70b5a742ba235d7432abdad32fa655a7e5e4e84938a02444c0e1963b8bfee4e6,2196,2258,1,1,0,1,263256,ca18c5ea3d7b455e6e5be979916e915fffe75bb0f275e00bec814a53abf57105,True
0xac487cbd1e3323c3d27115ad188b3141cb0324a80e432a1bdd8dcb2e5f0273e0,2198,2260,1,1,0,1,281600,32ba538e0b6c4867743fbf83651eb1347d93b70dadb9a741bee4b55d6b9d95c9,True
0x166085e428bf36168cb1dc1ec32c0172889a3441b8569b6a4d5d8ac67c923042,2244,2306,5,1,0,5,263712,5713bf264a249c8b1cce7de7b980ce77b7f383a5d2f4650e18db646161530b60,True
0xce8fbffaded90758690accd33fb173ac479718323459f00647b3e43bccd6f77b,2245,2307,12,1,0,12,263712,5713bf264a249c8b1cce7de7b980ce77b7f383a5d2f4650e18db646161530b60,True
0x4cbd07c7f456ff5e97c438cf7e9490695a19bf8b43e8b01a5c88a27a3c3fc4b4,2246,2308,12,1,0,12,263712,5713bf264a249c8b1cce7de7b980ce77b7f383a5d2f4650e18db646161530b60,True
0x265ea64c3ec910313c4f70cffe420abc1f9a61f2bba4b33790e803c7cc4f43a0,2247,2309,3,1,0,3,263712,5713bf264a249c8b1cce7de7b980ce77b7f383a5d2f4650e18db646161530b60,True
