28929684da8e43fa15b8421fc8c6532278176412b07eb7f423f23ffeaa0ee642590e0b7016bc063f3fffa93e1e35484c088319649165f56e773fd41f56193912dad990baf4fa8c7ff55d1dc1291f341b,5e4920d634ede2cf73e8eea6a9b5bb1e488fe5e01bc287d3ea718236b42b2fbb
9c4b5627d84e153f3a4ecc14ddd6baaf1d62253a0f88d3af51be18d991976da00b3c49b1dd49e982e7851f9eaa580252859f53aab38c3c62ae0d6e0001c2e9402ed270764791aff081f1dc8051d22b8e,9626dc5ef8bf734b0a8ee1045595c7fa8244af362addeda948f183ee8efa25f7
18803a7e310393f21bb4a495a445cd4545375def142bbd85d4530935b4d0c61ab62b271cad46ae709f2c460fb31e2923fbfb7606b64eef0460b8f33a0be54451fb655ce0b81db89eb7862f392450354f,a568dc7228779a93d3ba0c5d9da78ec9a56a3e68be8338f98a27adb4650f3017
8497454c69164e12a93011571ffe40b264a6d9d2081f46b0d1e50c6e095e09db8a29fcc442d0c2446697e94dc47181dca7a314f9073c06aba6dc55aa79978d7df40ad821cceca4bbf2a710bf36d937ae,a775628a69e2aad9788bf769abadb08be822d909476c7af45781a523f796c84a
aee9594f05ae07d3a0ac12e9dd26fcf9d5b468797b4af1978983faebe59a28f34956dacf5b7f65d25548bcedb518f45abc658147b055e7bed95c16b1fecbdd4bbceb3d073e74f3830d000080c8a92725,02bc42eb73315a3ad4bcf0baebfd5f3adb677ef386051189aa587c614be46b93
dbc6afcdd409e5d50d7b655580f1144de77f3efe5d6268032eccab7deaaad997b13e159a24dd2fdaf3b0c6f9dbdb12a3be99c1907fb0a33430df2ef8ed0fd7cd807347519f114e78f99617f6b147ca83,b74eeb27ded6b53f8a263df9a6d3de65f698c522550de9719a55f884727ed889
3bff7be962c9b1e1f32b5babe6067d7ab5acc94c97865c23bc352a514943f2c386f35fc264bdf005b3ef77055f0cce54830630695c8dabe9aded1b5365bf93770aab7e9ef4140a2bbde2f0a7b109724d,71a9c46cde18167339314f4866dcf7aac15501cec62444a30d03c36a116fe635
eedd3f2669c0e95d63242c7df695cea0acfcc67855913f6b6daf2c775be599a3184ef5eceadfd77b3a4092696ec34d0551c88e434567638623740b7d5f9e36168810cf23fb020bbe75d387985c62e13a,3e393c2a25c88c9633320e14a86c05a448a567375e04761239f5fbed44dada5a
d87ef161c7b40b8728c3b121c0b67310a80d9efab033e920061cee8f8d7ea6023cc05f08340642613628b39e7b7fd0af9d14785920ca7a2881a58f2fac2c8803bc0ccd9a0ffe1864a0fce9369d5b4674,1f1b9b463902eab86af6bfdcde6498686c20a73b77a978f7877a0c76b3267d6e
45111c860f6f5725f99b225c53b9fe1a70150e7ce922bfe214900aaa2790d14578a87849d463cb52a9d3bfacb13e2665056191e9206a4de01bcf3db25bbcbae6c07041840216d60ff445cf53b273a460,c2bc6e37a7b523d169fc232844c7e6798e3c7e071c42e4bef441d81e5bd859b9
