dd994eae929aee7428fdda2e44f8cb12b10b91c83b22abc8bbb561310b62257cbd22a93ce96582ad,0000000000000000000000007f94dcab1241a64e56bc386889657272db8e3ec5
8fd1729190cc10c625a2d9b39a34ca0d0562330a9f5b074a7010b134989c8368c7f831f9dd9f9a89,000000000000000000000000ae3456ffd25955007726b7f313bd88844530843f
0e2c1435681107414f2e8637153bbf6a101e5ffee2dcaa870e6e5881a38aac1278b90514d63a99c5,00000000000000000000000052aa724b010e439cd2ac8e3b5143b49eccb127b8
7514f387ba6f7cf194c68bc8d91ac8c489ee87dbfc4b94c93c8bbd5fc04c27db8b02303f3a659054,0000000000000000000000002d1f82be9bdcc57ef69948cc67abc573e7b2cae1
ffe0c7e78bf16706968ffcb92694926e13418ab6e015588fa2bb85d270364c28b3682accc3939283,00000000000000000000000065c1f879fdc28fda70f252c73df098d74d596e46
b870357cf83683350baf73aa0d3d68bda82a0f6ae7e51746d9112b71a4ca578dcceb1e9e351ddf67,0000000000000000000000001f8ede3bc5fbc8ed3e2ba906c5536ba4ce3bd88a
ce6d534e4a8c627da1484b14a8c9e28b07f80a5e502f63375d672379584e11e41d58d2ed58f3e5c3,00000000000000000000000016faeba94f4758a2e6ead3f585a23d5f882bd9b1
f67d9ea1138493cf4c3ffeb038656d5c8ed24e0e487cae5dee2ceb1ceece982bb1b33a53a2c9587d,0000000000000000000000007b65b562cddc71fe0409172ecfc2cf51a5daa643
bb169138f94093d5c1c6b253cc001ce8baf78858dae053173fa812d2d1c800da0cc12ac543bcf74d,0000000000000000000000001d2aef1ea9b9489cd8c4aa7da840661d53f8f2a4
92b6e30a5fb179d63d28c84563912db572f66da2295885b9e40608bdaf3e7764358a64a920cbb33a,000000000000000000000000fde14e4c764b3b48fab4f6a0e2a5262a4bcb26d2
