00000001ec07171c4f0f0e2b6f0117700c040e0f664a82ab2e5cadf02d2779384a6a2847b3c940fe79b6966489b527955de7599194a9ac69a6ff58b8d99e7b1084f0464ed110aa42ed72703dccae31f1bea28a88e607b49a47e9ed24d864d6582ea294854d0e25bf3f6fc9f4da25d21fdc71773f1947b7a8a775b8177f7eca990b05b71d2b062a0f245febdba0fb1811d53b22b4246866eb1318f56a162be6bccc53bf19973f40c12c92b703d7b7848ef8b4466d40823aad3943a312b57432b91ff68be1ec40da9845626890213bd5ba6a19500400,271f480256b181509b98cdc7c05ad957df9fd1c97c85a6968a11d808e2191628ae0d4801186974e507503841fa89b767599910fff5b65f63fbdebffdefd25b1d
00000001fbdd6e9d44f1718ea9326e0a4c51f97bcdda93904ae26991b471e9ea942e2b5b8ed26055da11c58bc7b5002a9d615d28ba32fa7bdeb712d8968f93f770490134a8c2c49ee93a25d324f0a1b88964d5867927bc3e35a0b4c457482373969bff5edff8a781d65573e07fd87b89edc1fa2b4da52595da8f82ef750a6db83c416545108bd2fd2f37d50622ab3bd6787c38b944eadbd03fd3187f450571740f6cd00e5b2e560165846eb800e5c9448249f4c911826079f46ce1b5ad7e0bbeb788d8d517e8d5a835b7ed16535df6f3aaee7ae200,6bf187f696b23552594caa243fccf2760d0ee9003d978ac5df963fac13cc8bddb6baa7ff1677823e4fe0a580636531c6b3a0d0dd54d77e5cbc0a3ca4b186fe0c
000000013560c79e7baa9adf9c00a0ea4d6f514e7a6832eb15cef1e15796bf0b6abb51ce626b58b6da9ab6d995a24c2eddc6856d74b3f318fa9afe75dac6ed3ef45c1d7d3028f0f89e5458797996d3294b95bebe049b76c7d0db317c71eae4c9cb2aba83032f67f084857a02d85023ece5d39dbe02ec4b77ca11cba1bb30985756c3ca075114c92f231575d6befafe4084517f1166a47376867bd108285b4dbf34ce55544c00eebf7c51603cc3d921e9bd8eff13ee00dcdcb84109e2fb730105809f64ea522983d6bbb62f7e2e8cbf702685e9be00,a60c1342eac8c29bb2f4fb39d541d5921e799e8ff5d27ba16489216a6b05d271586255acf47167bc30557feaabb1afd708fb1e5297fce25cd555fec99e1587d5
00000001f8187672643424fe335e160cc3c2e702bfab94c0dd20cc1fd10295a1fa3d589dbdb4f4f8b6a9408625b0ca8fcbfb21d34eec2d8e24e9a30d2d3b32d7a37d110b13afbfeaa99147f8df36eabec4b8963e324f46296a5948edd2d6fb02d11e208918ef04923b77283d0a7bb9e17a27e66851792fdd605cc0a339028b8985390fd024374c76d146ced7db0c85069fdeefaf51290db84f08501dea3c9d33200757e29afdc133dd994eae929aee7428fdda2e44f8cb12b10b91c83b22abc8bbb561310b62257cbd22a93ce96582ad8fd1729100,8bf563f82162b228e24d556d38b50de2c7984710936801d4b7f3c9a013bdbd32c051ee075c178d50b51bbefcf03c062f4328277a824558386471ecce3492b3fc
0000000125a2d9b39a34ca0d0562330a9f5b074a7010b134989c8368c7f831f9dd9f9a890e2c1435681107414f2e8637153bbf6a101e5ffee2dcaa870e6e5881a38aac1278b90514d63a99c57514f387ba6f7cf194c68bc8d91ac8c489ee87dbfc4b94c93c8bbd5fc04c27db8b02303f3a659054ffe0c7e78bf16706968ffcb92694926e13418ab6e015588fa2bb85d270364c28b3682accc3939283b870357cf83683350baf73aa0d3d68bda82a0f6ae7e51746d9112b71a4ca578dcceb1e9e351ddf67ce6d534e4a8c627da1484b14a8c9e28b01,c9d1023a5e52a8a9e0e75cac716d8903d20ffba5e3063f4615b7962bdab9d44db71006ba9980d1a3ea76005b7d40a34911316febc41aafef6c37d09822d5aac5
00000001502f63375d672379584e11e41d58d2ed58f3e5c3f67d9ea1138493cf4c3ffeb038656d5c8ed24e0e487cae5dee2ceb1ceece982bb1b33a53a2c9587dbb169138f94093d5c1c6b253cc001ce8baf78858dae053173fa812d2d1c800da0cc12ac543bcf74d92b6e30a5fb179d63d28c84563912db572f66da2295885b9e40608bdaf3e7764358a64a920cbb33ab4d571c7b3092e1ae11d9697f82ed83342814d7a297c4410d5121a37205547c55b9b16d3241080e05b3aeb07d381faf8d411519f2a33b07f65e7d721950e0f0d5161c71a00,4f552313d84cebbb87f2eb6a1c9cfa7ec9dd260eaecca34cb1b8bfb2f7c42b0c9644369dddb3595af00b6b9b115c36ae56fc84b4111a04a2f4d91c2f55eae407
000000016817627a17c56c0f42e0802efa9fb74bb3180421f92529484e5e8261cb553d963f06fd97d4fffa966bb3f9e512311699f110a5e6ae57e0a7d2caaa8f94e41ca71e4af069a93d08cca0822d15d5fc5555dbec1ebec46b763388d7374a4f397eb0af634ff9091fe7792a0c988d97e86dccaeb8bd4e27f9e30fad5d5742202cdde17d800642db633c5204e67eaa4763caa20b1ab9d4fc992a659b1d3938809118c9eaa36dd5c225b9e40b299c14892e0519b0accfa17e1a758c8aae54794fb61549f1396395c967e1b181af1d6da3cb5e8900,f898abef75fa4aa13fa6ee817ac05fb86a87dda8e1c4b808c54a1178ff1b6ad09e5b75995dc874f547e5130a70d803c28aae96ed3bfb7e0f7e5c5de6cb4a63ed
0000000181371bbf44e6fa3fcb31864094fe35b34c70f4d57064d43d6802ad4c3794705065f870263fef19b81604839c9dea8648388094e922ea839e50eea41a9b3d096542e4d12880c982a98e6469947d76a0b8df66f41f686285a0e22f177fe3adbfc435e9c1786752dcf3c11b723539789b0cdeb0647bbf9a3a6a2a2833cf45dbbe18cc7a0246d1ff53f889ea77aef168fd4038ae7c153176b6724cf984632daf95c869d56838ab2baef94be3a4bd15df2dd8e49a90a6ee0eeb2ec30ecfb438baac023347c920baa12356ab04569aa3104cfd00,49a6c5f19e392781fc8ded5d7e6d673533776f52008662a3a560a6bfab6634c5147a08daae9c2b9fd35db3d910fc5cb7c810dd387f1ea96f0373a292e989cd4e
00000001d76db3dcb659eaf6c086be6b414a494dea4bd30aef8450ae639f473148c05b36725147a6a9ce1a8ccee4ab81332d1a69a32d4af525da7faf90d62c71331ee7c99915646de2449b3cb78d142b6018f3da7a16769722ec2c7185aedafe2699a8bc0f8d4a9bb82f118d191694a644ca0d5e7f16e09114878895626faa93b9c8c5a35061073223f066e35242772385c67aaefb3f7ea7df244d73369db1ea0b208792475450c4cefb21de11951fb8617d33132ce18755d99fa98440255ac05f900a48f396ee22209271ea0bda10fb5e2584e701,b983b8d3b4578fe37e9d9fe70dd52682273fd586cee8ce7691af5fc5e111108568a683ecf95f15ac86b4562537a983dceb4338d2967c085230cf7e5535900d28
00000001d00a0dd7b852b0aa653cd86c5b3ecb86d8ff2f39d74f22118262b4bca9aa52632448c525bce79a269f312539f0d3d4cf46265fc0f69e093181f8b02114e492485696c671b648450c4fcd97aa4d2efa758272cb30d58ced16f2c60402b90828a69c211ccdce97edb797e4fa93915b717562844d59623bc582f1a95fc678cf0d39af32560c6c06e3a74023c89cae49e9cb36d99776ee61f8c9b289f714bb16d2955e33445d09deb9575577abffd5c1c9fa11c36b86430cbb1f3ec10ebbe3787d0f5641d6d7fb96c810eda202ddce635c3900,6c0d727e6041524b042ddd041d4cc248d0e2329ccdb11e0f212440ce27a9410e5209c4ce0d43a65070f9176c001468300ae074d2a3ac60a5a8b6cf14f1525b9c
