b997f147c4f531fff16a7308b47b3cbdf57fbb76333b5406eafde39539d55ccb705fb566367d9fc142c4194b0525c16672b843aac1160f9056ebb115e80d377af4aa00cd8b145125,1b57b0db687d57ff2e911c37e529de852061baa921bcc17d9ea57c4d96e04605
2ca020bf6da2ba7d24f025b5475f7d18a4bde6a25fcae70af7bfd990cc4dac62a0d730f56b4eb1c1ad77ca9cd58b089c23c2f6efa00b7fa49d77c76b130f49b38324f7ea761089b6,dec22734d862d0f6e8514a21069617935e2398e848c5e1170972a3b8b8dd2894
a5e2a2e6f558681de7b4e84eec171cb0807c5a41ae2baa1e10ebee15363d1d4569f731d77a418998108f5dfae0e90556f6d6d70ec7c487dc48f5b4ca174f87b3f75f5703a60214e1,8a8c4d43a78a19798ed1a4d420c7d242c40cdca7ec27596b6fe8ce845cf2fe03
79b5678c15ac1105a7e300bcb3c740fd1f693d4c8915c4c46dcb627f6de6e4847f123623cd23bac7f4a1eaaecaed9e0deca3a89ebf5f1a8849aa04735ee90e89508c625204c6df08,f6bc1bc852e30d39a07c07b8bf75111b8fce4409d5bb5dc3e0425af82ff7941b
b473df5e282565a0783d23e65e283a103ebbddb5c884183cceb62fc32d0e96020a41ca5a5fb00ca216fb2b1cd8797eae0cbfb4a6cd6dfd61afd94d2287d4a07fa048ef7cf5d1f6f6,67588d876a000dd38368aaee1d1531a0198be873bee1465692b9689f57e23106
25ee3aba091147c389ebebc5b8f3d285e16ef4e8afe5c013fdf3ed894b9eb09bba6878d0870281c4f17315223ef3483d9571662ee4db3fe2a9b63c6bf36997118d58600c1e429c10,407d21366deac7b6983ad52402d91568492e748b6701a9b0fb78c0d9c568361d
5a379b9e8b0de934ab9f433a4fa63dc8f5795b8fc0b8a2f3d8df3ad5ee1410f0c84fd0a42a875242a75495411f8f5231f228da17f49667c113d2bc2a2c8a338f80be68496f5145b4,41318bc9798227da98a3fd8bfeceb7630c1db5a18333b1efaa281b0677aafd6a
be21a5786ca6d46b28894467866214f9cb04eda87c30c46645f88a2520aed07f4d36dbbf1ab6dbf89431e18a462fba704216b516e819fb3392e315b0c92a7411a329cdafeb511244,6ddffe0380f27707fc570ebccc2ace720e3ff0a548bdc8c275ca8a94e9a62c29
8823045b436896eba3c4d02dfb559bfb6331f9816f8575d93eb72b720d003e532051041bd2f12f6e6e29924139770fe209b7bbdbcd6c0bcabbf5021a7dff2d83ee132885826ad414,e01186e0b3e7521321320f5bb3bfc8a50ab273374abf434147f44e6aa18879f1
8eea7619ca284cf5eee23e30111e0987e4b6852966c11bbdb96df57a600dc3b5aabff5b1034886d24f6fcf035bcacaaec738deb2cfb8f852c810352ac79f55d24a9d0e916471a706,c1762a61728a7a66f7ef85e48543028d107e8ba377ee5f99d1faa8a0b5c2ecf1
