case,repetition,parentCount,nativeProveCalls,shortWitnessBytes,longWitnessBytes,outputBytes,foldWallMs,foldCpuMs,verifyWallMs
"two-unique-parents","0","2","1","238160","290056","530928","10.8251","26.613000000000056","10.081"
"two-unique-parents","1","2","1","238160","290056","530928","10.9495","25.576999999999998","11.0148"
"two-unique-parents","2","2","1","238160","290056","530928","10.5877","24.932000000000016","10.4607"
"three-equal-short-parents","0","3","3","238160","290056","530928","30.4533","65.77800000000002","9.9554"
"three-equal-short-parents","1","3","3","238160","290056","530928","31.6171","70.30599999999981","12.6747"
"three-equal-short-parents","2","3","3","238160","290056","530928","34.9752","82.89700000000016","12.015"
"three-long-then-short-parents","0","3","3","238160","290056","530928","23.063","50.82300000000009","10.1637"
"three-long-then-short-parents","1","3","3","238160","290056","530928","24.0548","53.31400000000008","10.7686"
"three-long-then-short-parents","2","3","3","238160","290056","530928","25.0738","57.09900000000016","10.5376"
