089142debb13c461f61523586a60732d8b69c5b38a3380a74da7b2961d867dbf2d5fc7bbc013c16d7945f190b232eacc25da675c0eb093fe6b9f1b4b4e107b3629f2c1dbcc614745f242077001ec9edd475acdab9ab435770d456bd22bbd2abf268683f9b1be0bde4508e2e25e51f6b44da3546e87524337d506fd03c4ff7ce01851abe58ef4e08916bec8034ca62c04cd08340ab6cc525e61706340926221651b71422869c92e49465200ca19033a8aa425f955be3d8329c4475503e45c00e1,0000000000000000000000000000000000000000000000000000000000000000
23f16f1bcc31bd002746da6fa3825209af9a356ccd99cf79604a430dd592bcd90a03caeda9c5aa40cdc9e4166e083492885dad36c72714e3697e34a4bc72ccaa2e832e2bd419280d247658bb64323d59bbf47df41aa729d2168a272d66e306ff18ab999098bc5b30758183a160fcca776562d9a9370278aee9e6f71053e9358f0edd6252e0584efe53db6b3c40d1976d3849f08db15d39a0d7a6e327fc67f45e24925638e68e59cc22218917c61d2934c4e6353e2f62178a09627aed68c4e57a,0000000000000000000000000000000000000000000000000000000000000000
0341b65d1b32805aedf29c4704ae125b98bb9b736d6e05bd934320632bf46bb60d22bc985718acbcf51e3740c1565f66ff890dfd2302fc51abc999c83d8774ba0d2c492bf135ed45b0d6265c274d145d35b73afd41ee95d3f1da4bc8761038800251d138db1b9748ffc257b147a1aea66413b14df767f98f7ba02489c617eae51065ff2bd9a5b167db36225a35fd712d781309f4e2c8541a335b2c42bd2bcae4191cd528d749c52f3e198e534868d537867109419a32314886f6bb2bcd337773,0000000000000000000000000000000000000000000000000000000000000000
279e2a1eee50ae1e3fe441dcd58475c40992735644de5c8f6299b6f0c1fe41af21b37bd13a881181d56752e31cf494003a9d396eb908452718469bc5c75aa80728695310187ac477bdf3d7fb472e6374b1222f8ebcfcae72a8b1dc714ec853461fde556a4ef408d4a2ce89143674e9985eff87fa3df3ce6e7483c3a2f9b82bcb18df8612ef09775ec815b602e35eb6ec71ea6f7acebdc23667a60eb465e76d590500f7d19190ee1090bffe087045e97c913f7c5730110559665b3e8a9e0a526e,0000000000000000000000000000000000000000000000000000000000000000
0af6f1fd0b29a4f055c91a472f285e919d430a2b73912ae659224e24a458c65e2c1a52f5abf3e86410b9a603159b0bf51abf4d72cbd5e8161a7b5c47d60dfe5712fa10f98bc3c4faa2a9729408e92a8b4e6d304abc539cc396820f696f23ecbb2b30d01fe71a3550fa6780e70305d28ea686b72aff7d23cd550f886fcd60f6b30d1142c81b9b27e329c498e4b241fa2ab0e0c62170cbe2a1e642589e4ff6ca54069ec036f519726e40596ede6cd47577c5cc24746754280add50bf87fe7404c8,0000000000000000000000000000000000000000000000000000000000000000
0e6eab4103302750b22364bd1ec80e5edfb3ad06fa175ff2517ca49489f728e9050a17b5a594d0fd6fafed7fe5c447793fe9b617f0f97c3ee6dd29638f6c9232068b38fd28978b73b64592127317a542e084ea8291e404b88d3a731207104f9624d1ae64196a7d3b8e9fdcf72f9dce16d649fa3971daaca56405a0d331e2aa92210a32dfe27a36ca740e4d668066f7559acddea850fee4ebf9c9a241b337e771191a60da23a028dfc3b3b82c3d15802615f6386f29194e088936e3ffe96809eb,0000000000000000000000000000000000000000000000000000000000000000
1920c53c756f1ec1a40e0264e5f65808eafaeaa7b0885f89852297bc2186ac9d09416cc536a27b6d5616f74dd2bbbfb463b9961752e0aa38d47b5213994959ab081c536b7d9a27636d0af7d4c8dad2e380cb2996a1d650a2e6123224294a6c86039e75a4a93bcc2798aec714e37b9b2602760e7ec7c6f3342e44018f2986da9b2d1ceb9ba9f7b923459d8b4701dfae12b3efd4174fa3705747fba6bce14a87720c15d04d2bd099f86ccaf9834b9588e88fdec8d04bba329d4fed580884f4b2bb,0000000000000000000000000000000000000000000000000000000000000000
001faaf97b965ffa633612b7c8f9f4be0b286b19662e5cbe6878019d8ba1382b16567ced7a7ee5c272bbc378a95c2436fb0c6133649c77e55a708b28419b5cac0c37556712bc94140738212a1372a4720ff269102f3f0dad4493b675a85463021e03f350aa8213bd6ce54987e7b32275bcead9a9096897b5c7dcd5964a17e07a2550f45b84e947f8e46267041f661de0ced333f91af090435c4bd6d9cecb4836096855fbc396b73c589e66ad989d7851c08bb55755f5771987d91925ffb40c2f,0000000000000000000000000000000000000000000000000000000000000000
128b65cb80257f3006fc20dbb6af6781da7e0f9213d2b909fd113ee0f2d2bb52251e288387db7be742fe67261f36a4f09eeb4763bbbaa1bb13af3dec65302a4125ed8b2035e437f057cb45003f1c25510d7e232c7587581bdc3035064a96d2e32293733bfad88afa5adabcf320f055e3fe0d1ae733dc21f5e08fc234029be16a18414155506a4c287ac374bc28635be3e6b8fd0097554db051a45138f0b6140410f8c1e8992d53017580b1b806cd23729f9a2aefc6e60bb82606551c1393750b,0000000000000000000000000000000000000000000000000000000000000000
16a9fe4620e58d70109d6995fe5f9eb8b3d533280cc604a333dcf0fa688b62e20b972bf2daef6c10a41db685c2417b6f4362032421c8466277d3271b6e8706a8034c462aaaa7a3b4ed1266d755867524258c64b9553c46b2bd4d5c26aaedc66524e9d39a8749083573a1b84662c08ae15f16b75b9fd40089ee412f5e58dfad350e28b1c6e881a288290c7e9e12d23f122e61e89c43619f902c48d300ffe1734b014f125c1960a64127a16c8a17da5f21721e47b17575a94802a78711f45fe988,0000000000000000000000000000000000000000000000000000000000000000
