2787ebafbdfe14ad7a0ae367173d37a64944165540b9fd5f1fd832208b86f23f30b921d8cd2ca46aa6f3e0dc6ff08d77972fb0a248bd39e90a1e9f32be9e892aefc0660976ef912d80cb34e7b6c52e81c40c70be23ae381cef0e115d8e73e5aa3a5ccd9436b15d4d04a8ee9894c116190062c4e7cfabb047b585f3aa1eeb4605d45d56c1e2787a03158b9235a288be077ccd7574781618a4cdeb730559887bf6c7a5bf2cfedd7048be7ac7d2ff19d4f8bf0a94295ebdc5e792393e0e4bc27d56,0000000000000000000000003446ab13973688a2966f1ba3262f5e85c0db4967
c9fb35df3c82d015bddbddea37330a520c61912200c6c1b3f6e3c5b7b2ed55b43563651d5f5729a0ffca6b383d884823aa3b0215fa057bffd8142199a16e4ffea9c594fad45be7dd6413f14c3d464ec9306bab95aabb7572b3ecdbb6fb2b1f0d833323c3a668541ceba18375531c3781dd98525b49dafce4c4b3188c90f3f4b58301af7a0db283784aa84c3180b536237c0b972199c6e144b738bb109515b786d422e21fbffa7d55270eca9c96bbefa29dd915aca266071673e970daa0ca9c05,000000000000000000000000dc8e513a6217a5c242da3f4a18b39a3af80df3eb
bf2247078366582aca293e7747241494a0be78aa12b9fd43deb80bc5248a08f03ba7ea9ffda87131452b24a9efcdc91d1262d0d7550e5a6b787eace3577159b0bc55cde4d6c75e5ffb2d81df952c29a419edc72ae0ff0e838ff43655383796b816aa2cadacb129598aa459bb2e6b7fb26d1bcb7a49617b6ef8e57018c3db1f51feb22d73fbe4e9c6fb862959de8f47f6aa69e3e87186a461e0caaf74d4825cbe8c02014d5392d30863a12102d1c9315839b5611dccfdb489207f918662513850,0000000000000000000000003e75964e29835704705b5cabf936f17582e4925f
21eee0406c21946ee13bf163bcc5d0f141ac06b6ac64567954769293bfbc18e4d960ff678e1b46ada4f866adf354ba8c1514df10ebe7d88d2c8de117ef5ea249729435a100d898ebb2a00bf07acd05ab6c4a9ea667deeb8b98f148263686a3a304753af76295f72295645243ffc87ffc2110c9d8dfd20b464760ad965d7a9794f6384f048a8fca1c0c7b98e1f0b0f2ce50a907b365d6f9fb0d929bd9feccb582d1b8760cc40d093912fb073c5012f910ae90f0a979cfe6d81c603adbb9828903,0000000000000000000000006f3da33384e815db010babf4f5c09d1e37dc46d9
8617d12e2288a2c0aa2a90c84be5438702bf882189c0bff5ee6133bc9ea2c224ab79d640b042664b23667d6c60ef9a5d59de72aee57a78d75752b350ce56d8dadadb60e2213adbf647ef303c29a0462470111cc0603139ef17b1c8544f149e451d1a2965e995bd4380d4ec52fe8e65e7fd99b1ca9f4f0c656adf7051c4b9a99a1da591dca779e6db3e66ba0cf4990adbc576e28a7f0d2162931c75bdf0f73f322cfbf2abd851d2c1f55c56d4f8b11b196c020c2584cb03764580d410d66784d4,0000000000000000000000005fd6bca29b2f04152afb1c8f63be929e6bd654ab
4800de911ca6e9f9ccc78b4d7ca3c6ba2c287bdb19ac166f90b3b07c3922e2f3214edaf16742762baa58a3d22d5bb2305cb03a1326adc68adcd268428f82a1e09776df26f740cf99209f359df3c36c718768daac134df14f52170c7e3b306869c1f38916d6bdd5d379967dcd058ebce5887ef2bccd5fb7c2bcd758e374a195e29085bccddde28db5e7264d909bab9cdffd2525f6eeaa642c9bcbe7d5cf621def1cb8c8303157f23987f8a2d206f3add697b9d0a303393008429e93cd35711f74,000000000000000000000000012491954489df7ef71894d8b7530b979579b750
2062255246b154dbe045648a401b7d05ad4d307cec1d90021b1373aa0eba394761ca9ab9c3df673b7ff8be098cdadd8354c17becdf82e7e99ce264174653007a334c43489ece679dacaf27ad2d43c5d572afb58724920524c703cfb458e2ec4b681a0861df30946911d789a5da1f5b89c38fa1a8c0407b608122a18be05955dafe0a2e7ebb38e9c48dbfde46ef7434362df143387e3ae2b598d97306b54675936f0798b448ea0d10c84e2a8896f153b1ac3b84c5fed6a4ba6c932260bf01d34e,0000000000000000000000001e2e28d9dfe9e1bf46bbcd54e6032e3501ff9969
920a6eaa072ae13644662c4247492494cbfbc44e06514a712d0775501512ade6a8b7de8f34053facf1338b54cfbe38dad73121a0429663f484277af9a230abe6290aad4f185494a76901fa8f141e6b3072a6b0170804811278be2f4d7792dc258823cdb73dd076ad95679a9d7b11145c12a81b825477f799300d1fd761417c2b2427787428b3175657424e795673f0b06b230405105e61ee71e536e542506fd69f2e54f21b7f2116c30d6e444ca82fe800435cbbd72a98a6d22bac92039c5407,000000000000000000000000a38594fbeb543a0cb85793a683776b460f7b59e5
aa9b495e26cce0397382e1caa8abf669f7f9707b438bce44b36bfa82af3b8d5ec8cecea241dd6a924c9b9cc3d390fbf40ab897208ce9d3e4a148b2c30c25e7eb92872d76529fc90d0a296f5ccea8728e85bf799457910bd585d509f0922726ebe428fab2c596f23bc3c9e9855b74295f52caf73cb7371c93c65370583f7fef4caa89c8ce4bbe1bbc6d242f6610b90e5142ef01db8ffb89baffac9aa565477881f7d3d755410f77a0e4b2fad0f184fa9312b559785fb04c6020432465799ebe22,000000000000000000000000733c99da9818ba753fadd58c68cdf43a7252f212
194efa97f1da3192d4b64bd552b7d003b7bb1f46d707e55a49e790d26eb07c54557b05efdd02ac9d8e1453c82a321d798f3106bd18764140faede610ae01fa8077d2fc0c469446476928e860aba24f30bfa1cada04fa5da92624d7886d95c0c53313884abc4d430c06ae843d263f2efc1bba35f6cc270de05551e1f86096bb75ae1f052ee56ebfa7bee82655ec7c87fcbdf479fa5165eda62a0aecc4476e4b038faea236e782a8fbe27ab15f051ed007a61e25247f1f259b9300974f521f30c8,00000000000000000000000091e47e1b28c02798bf9669b8de38fa91a8450b5b
