d24631c0405a84635a6d0a6b4056606b288a2d2117823a60f7536258eddcd931346ce87c847376c8967cc18297e6007dcfacb6424e1d273930f38bb0e88fc5ca,000000000000000000000000d5eea244bf61daa8ebabbce58d79fc96346be95e
ab92e23d34352e3cf253d3d3af3c8f357f87d11c44961b5156131e18be3e385439a142c443a666499a880aa1cb9f523411bbc8e5554de099ab485b6c2c2e57cc,0000000000000000000000004f7eea942f623c27c2478ce1fd079ef4ee5b10df
8414e76ca876f6f7ed665e41a4060d3495771a60080e1d24686dc6963261a2ca2c01b7795c2d16b5bbbb1e107be36cc91b25130888956b0cdd344de9b4659447,0000000000000000000000003eec23d5307a4ab3728cd334fce591aa0ba17350
a0ab3ed63aa3a986ee84c20647f89fe21f2cdfc16df7a40a23e75318ae791305c712943d8795a6104f024b9701c70b09cdee9494755bbab0576e2c7f7c9d4828,000000000000000000000000bf4b2e60518708be66e91215edb5b8ec0b753be5
3efc991bcb6d9a7979ead865c3381709d34dbbdd9a97e5773d30ccd567dbad65d4d77f6246c57d398c57848db8d3f986c475a41a23d424cd3cc2b362c1b99f2a,000000000000000000000000a81b027ea4b21509f4786b91292ee1ed0ca81f35
03e3ac1399a8c2f89f379c047cd71ad3e782daa7e570b14ae39674af4615d0aa41776ed9d1029918af4c5113a6110139b8bd7f938caa204373a28ddaa51430eb,000000000000000000000000593a8edd53ebe45c1a9560f4ba13ac5277212b11
06e6cc85f948fec3cff4d774cc53291ff97a37fd265cbfccf2b80507ed3ce752fa64411438542922a7bac10806efaa633d31d37c0b223314a8b6221155b9c425,000000000000000000000000efdb88dadcc853e21f4114ad1f317ae984154af1
093e7bc0777fd54d93174649ff014849a9f5da50021612b6dc7591cf28d2dfc6e7002f41c6acab677a0ad023bad2a61b11c1b7221d944018b5ce60bb61e87e96,000000000000000000000000902b94f23e746515bccce9c17f67f7baeacb331b
f60c5d0adc91a116dbe009ab3b2855ca3bb78d2887ecb83233dd53d6322324b5c26e55f09b787c0542878e4d720027d9ea465f829a4e0164cf618c5d9cde49bc,000000000000000000000000e47651b8dc2946932496127c53bf5714f3112c2c
e9b759c4664442aaf8cafe94c55bb166054e5e6ffc5687d7feef4cb5e1e5cf59bba67cc47e38a129ab1140fbcf0386ddba2feefc919aacdce6059a27a1e2efca,000000000000000000000000e41d7c56de9639eda08cb8d6063be4084f7f2114
