000000026b73ce0855ad13c08ae48b1ac011526c0a627c17b51c584ac00eb20fe7c292f3ad820a074d8b3d8d24506612752d8677c2d6ca24f556cc4518c90b6549ada0233913ae51079cf276c8d88a4dd5fe666b5b1f704ab6a080a8f661d7b30fb11bef70e15b257d7073885468a380862202b2d705a84827644b5bd24631c0405a84635a6d0a6b4056606b288a2d2117823a60f7536258eddcd931346ce87c847376c8967cc18297e6007dcfacb6424e1d273930f38bb0e88fc5caab92e23d34352e3cf253d3d3af3c8f357f87d11c44961b5100,6ce88a10a58956bf423af3a29fdf9700b8491bcd624f03ce4df4e2622268d8645ac2b24c7a78f99756d476cb2a4e958dd4881760b0a9251662e36025885c13dd
00000002be3e385439a142c443a666499a880aa1cb9f523411bbc8e5554de099ab485b6c2c2e57cc8414e76ca876f6f7ed665e41a4060d3495771a60080e1d24686dc6963261a2ca2c01b7795c2d16b5bbbb1e107be36cc91b25130888956b0cdd344de9b4659447a0ab3ed63aa3a986ee84c20647f89fe21f2cdfc16df7a40a23e75318ae791305c712943d8795a6104f024b9701c70b09cdee9494755bbab0576e2c7f7c9d48283efc991bcb6d9a7979ead865c3381709d34dbbdd9a97e5773d30ccd567dbad65d4d77f6246c57d398c57848d00,1d08cec98aac089ac5b49c91e212c69c2d508022526e6ea2e06768351eae592a59ea390261c79ca063c5a379532a221efaa6922383b8fdfb614bfe8480f77ccb
00000002c475a41a23d424cd3cc2b362c1b99f2a03e3ac1399a8c2f89f379c047cd71ad3e782daa7e570b14ae39674af4615d0aa41776ed9d1029918af4c5113a6110139b8bd7f938caa204373a28ddaa51430eb06e6cc85f948fec3cff4d774cc53291ff97a37fd265cbfccf2b80507ed3ce752fa64411438542922a7bac10806efaa633d31d37c0b223314a8b6221155b9c425093e7bc0777fd54d93174649ff014849a9f5da50021612b6dc7591cf28d2dfc6e7002f41c6acab677a0ad023bad2a61b11c1b7221d944018b5ce60bb61e87e9600,568cf2314a9a342287c67122dbbc04445cca7ff04d611a3854f63440b1901f52897e5e2166d7256d8ab11c66740256d07338f263864a5412a4dcefebebc4f916
00000002dc91a116dbe009ab3b2855ca3bb78d2887ecb83233dd53d6322324b5c26e55f09b787c0542878e4d720027d9ea465f829a4e0164cf618c5d9cde49bce9b759c4664442aaf8cafe94c55bb166054e5e6ffc5687d7feef4cb5e1e5cf59bba67cc47e38a129ab1140fbcf0386ddba2feefc919aacdce6059a27a1e2efcab997f147c4f531fff16a7308b47b3cbdf57fbb76333b5406eafde39539d55ccb705fb566367d9fc142c4194b0525c16672b843aac1160f9056ebb115e80d377af4aa00cd8b1451252ca020bf6da2ba7d24f025b501,ceb158955268b2c3c95271d3d1df00b945a1077ee118459599fc64f6747540cfc304a33cfe2b78922a95d071cd35ac33c1c5880df3add651d6e68cca5ff6e83c
00000002a4bde6a25fcae70af7bfd990cc4dac62a0d730f56b4eb1c1ad77ca9cd58b089c23c2f6efa00b7fa49d77c76b130f49b38324f7ea761089b6a5e2a2e6f558681de7b4e84eec171cb0807c5a41ae2baa1e10ebee15363d1d4569f731d77a418998108f5dfae0e90556f6d6d70ec7c487dc48f5b4ca174f87b3f75f5703a60214e179b5678c15ac1105a7e300bcb3c740fd1f693d4c8915c4c46dcb627f6de6e4847f123623cd23bac7f4a1eaaecaed9e0deca3a89ebf5f1a8849aa04735ee90e89508c625204c6df08b473df5e282565a000,2f5e417758ff6575f6ccdc42038c5ea0efb67bdf43915226cd098059fc0dda2e6d6209c2138478474afdce9d78bcd7431b0616dcd1e41cd243458f28d1b8dd34
000000025e283a103ebbddb5c884183cceb62fc32d0e96020a41ca5a5fb00ca216fb2b1cd8797eae0cbfb4a6cd6dfd61afd94d2287d4a07fa048ef7cf5d1f6f625ee3aba091147c389ebebc5b8f3d285e16ef4e8afe5c013fdf3ed894b9eb09bba6878d0870281c4f17315223ef3483d9571662ee4db3fe2a9b63c6bf36997118d58600c1e429c105a379b9e8b0de934ab9f433a4fa63dc8f5795b8fc0b8a2f3d8df3ad5ee1410f0c84fd0a42a875242a75495411f8f5231f228da17f49667c113d2bc2a2c8a338f80be68496f5145b4be21a57800,f6b59f8c664d7e5d4321976bb7573297c6164964754f53316b44aca9c842db6c005116668c7082a5e02348b63a15d61c763d48258e9c294eafe0d6d6d1ab5c75
0000000228894467866214f9cb04eda87c30c46645f88a2520aed07f4d36dbbf1ab6dbf89431e18a462fba704216b516e819fb3392e315b0c92a7411a329cdafeb5112448823045b436896eba3c4d02dfb559bfb6331f9816f8575d93eb72b720d003e532051041bd2f12f6e6e29924139770fe209b7bbdbcd6c0bcabbf5021a7dff2d83ee132885826ad4148eea7619ca284cf5eee23e30111e0987e4b6852966c11bbdb96df57a600dc3b5aabff5b1034886d24f6fcf035bcacaaec738deb2cfb8f852c810352ac79f55d24a9d0e916471a70600,601646522d66d5cf7901484c0df4656c6742211cfcfc36c9d0977a3319d4718bb0d4c1f3a64d7d5a5590263c119d447eb2d03c25ced9adc837f1c32b6b13fbd0
00000002da8e43fa15b8421fc8c6532278176412b07eb7f423f23ffeaa0ee642590e0b7016bc063f3fffa93e1e35484c088319649165f56e773fd41f56193912dad990baf4fa8c7ff55d1dc1291f341b9c4b5627d84e153f3a4ecc14ddd6baaf1d62253a0f88d3af51be18d991976da00b3c49b1dd49e982e7851f9eaa580252859f53aab38c3c62ae0d6e0001c2e9402ed270764791aff081f1dc8051d22b8e18803a7e310393f21bb4a495a445cd4545375def142bbd85d4530935b4d0c61ab62b271cad46ae709f2c460fb31e2923fbfb760600,7b2e777ec4d3fa5a16049b029e7fff04d3c269ccac3b20d6e6309c6d18c78c259aa6d06085edf4251a73ceddc774908b50e257616731ed767d023a555aaf4a59
0000000260b8f33a0be54451fb655ce0b81db89eb7862f392450354f8497454c69164e12a93011571ffe40b264a6d9d2081f46b0d1e50c6e095e09db8a29fcc442d0c2446697e94dc47181dca7a314f9073c06aba6dc55aa79978d7df40ad821cceca4bbf2a710bf36d937aeaee9594f05ae07d3a0ac12e9dd26fcf9d5b468797b4af1978983faebe59a28f34956dacf5b7f65d25548bcedb518f45abc658147b055e7bed95c16b1fecbdd4bbceb3d073e74f3830d000080c8a92725dbc6afcdd409e5d50d7b655580f1144de77f3efe5d62680300,2bb7e36956f4d978ea30a4c38b8a40d051d94b690e9410610e728849af0a28b13c982584ca69309b04bb216a18b55a1f419212067d2e9e1327abd6097f203a5b
00000002eaaad997b13e159a24dd2fdaf3b0c6f9dbdb12a3be99c1907fb0a33430df2ef8ed0fd7cd807347519f114e78f99617f6b147ca833bff7be962c9b1e1f32b5babe6067d7ab5acc94c97865c23bc352a514943f2c386f35fc264bdf005b3ef77055f0cce54830630695c8dabe9aded1b5365bf93770aab7e9ef4140a2bbde2f0a7b109724deedd3f2669c0e95d63242c7df695cea0acfcc67855913f6b6daf2c775be599a3184ef5eceadfd77b3a4092696ec34d0551c88e434567638623740b7d5f9e36168810cf23fb020bbe75d3879800,77e72b373d94fd418cc4021c103bef7a97c1d9dc7f897443002e1e12bd11ca9b13bc0e9dcf44769ed6f4ab4c61695df5eb39088eecbfd7dec77c897b5497e9d1
